V1,V2,V3,V4,V5,V6,V7,V8,V9,V10,Video,Q3,LabID,Q10,Q12_1,Q12_2,Q12_3,Q12_4,Comp.Pass,Q14,Induction.Anger,Q16_1,Q16_2,Q16_3,Q16_4,Q23,Induction.Neutral,Q43_1,Q43_2,Q43_3,Q43_4,Q27,Q28,Q44_1,Q44_2,Q44_3,Q44_4,Q45,AF.04.AFS.valence,AF.04.AFS.activation,Q46,AF.04.ANS.valence,AF.04.ANS.activation,Q71,AF.04.NES.valence,AF.04.NES.activation,Q70,AF.12.AFS.valence,AF.12.AFS.activation,Q69,AF.12.ANS.valence,AF.12.ANS.activation,Q68,AF.12.NES.valence,AF.12.NES.activation,Q67,AM.14.AFS.valence,AM.14.AFS.activation,Q66,AM.14.ANS.valence,AM.14.ANS.activation,Q65,AM.14.NES.valence,AM.14.NES.activation,Q64,AM.27.AFS.valence,AM.27.AFS.activation,Q61,AM.27.ANS.valence,AM.27.ANS.activation,Q62,AM.27.NES.valence,AM.27.NES.activation,Q63,sex,sex_TEXT,educ,age,exp,purpose,LocationLatitude,LocationLongitude,LocationAccuracy
ResponseID,ResponseSet,Name,ExternalDataReference,EmailAddress,IPAddress,Status,StartDate,EndDate,Finished,Video,"Dear Participant,    You are being asked to complete a survey as part of a research study. Your p...","Enter your Worker ID below and hit the ""Next"" button:",Make sure that your headphones are on and working properly. You will not be able to complete this...,Timing-First Click,Timing-Last Click,Timing-Page Submit,Timing-Click Count,You passed the headphone check.,"First, you will watch a video. Please make sure that you can hear the sound.    ", ,Timing-First Click,Timing-Last Click,Timing-Page Submit,Timing-Click Count,"First, you will watch a video. Please make sure that you can hear the sound.    ", ,Timing-First Click,Timing-Last Click,Timing-Page Submit,Timing-Click Count,"First, you will watch a video. Please make sure that you can hear the sound.    ", ,Timing-First Click,Timing-Last Click,Timing-Page Submit,Timing-Click Count,"Now, you will rate photos in terms of the given criteria.",Please rate this photo in terms of the following:  -&nbsp;, -&nbsp;,"By ""Positive"" we mean pleased. By ""Negative"" we mean displeased. By ""High Energy"" we mean attenti...",Please rate this photo in terms of the following:   -&nbsp;, -&nbsp;,"By ""Positive"" we mean pleased. By ""Negative"" we mean displeased. By ""High Energy"" we mean attenti...",Please rate this photo in terms of the following:  -&nbsp;, -&nbsp;,"By ""Positive"" we mean pleased. By ""Negative"" we mean displeased. By ""High Energy"" we mean attenti...",?Please rate this photo in terms of the following:-&nbsp;, -&nbsp;,"By ""Positive"" we mean pleased. By ""Negative"" we mean displeased. By ""High Energy"" we mean attenti...",Please rate this photo in terms of the following:-&nbsp;, -&nbsp;,"By ""Positive"" we mean pleased. By ""Negative"" we mean displeased. By ""High Energy"" we mean attenti...",Please rate this photo in terms of the following:-&nbsp;, -&nbsp;,"By ""Positive"" we mean pleased. By ""Negative"" we mean displeased. By ""High Energy"" we mean attenti...",Please rate this photo in terms of the following:-&nbsp;, -&nbsp;,"By ""Positive"" we mean pleased. By ""Negative"" we mean displeased. By ""High Energy"" we mean attenti...",Please rate this photo in terms of the following:   -&nbsp;, -&nbsp;,"By ""Positive"" we mean pleased. By ""Negative"" we mean displeased. By ""High Energy"" we mean attenti...",Please rate this photo in terms of the following:-&nbsp;, -&nbsp;,"By ""Positive"" we mean pleased. By ""Negative"" we mean displeased. By ""High Energy"" we mean attenti...",Please rate this photo in terms of the following:-&nbsp;, -&nbsp;,"By ""Positive"" we mean pleased. By ""Negative"" we mean displeased. By ""High Energy"" we mean attenti...",Please rate this photo in terms of the following:-&nbsp;, -&nbsp;,"By ""Positive"" we mean pleased. By ""Negative"" we mean displeased. By ""High Energy"" we mean attenti...",Please rate this photo in terms of the following:-&nbsp;, -&nbsp;,"By ""Positive"" we mean pleased. By ""Negative"" we mean displeased. By ""High Energy"" we mean attenti...",Please answer a few more questions.   Please enter your sex:,Please answer a few more questions.   Please enter your sex:-TEXT,What is your highest level of education?,Please enter your age in years:,Please enter your years of work experience:,"In your own words, what was the purpose of this study?",LocationLatitude,LocationLongitude,LocationAccuracy
R_3k4TSlJ8R3ISYYt,Default Response Set,Anonymous,,,,1,6/16/2018 10:47,6/16/2018 10:53,1,,,,2,2.684,2.684,3.957,1,1,1,1,0,0,252.69,0,,,,,,,,,,,,,1,,,1,,,1,,,1,,,1,,,1,,,1,,,1,,,1,,,1,,,1,,,1,,,1,,,,,,,32.06669617,34.76669312,-1
R_BWJe7RrAhJUybBL,Default Response Set,Anonymous,,,,1,6/17/2018 0:44,6/17/2018 0:46,1,Anger,1,a,2,4.096,4.096,4.89,1,1,1,1,34.766,34.766,119.372,1,,,,,,,,,,,,,1,,,1,,,1,,,1,,,1,,,1,,,1,,,1,,,1,,,1,,,1,,,1,,,1,,,,,,,40.0894928,-75.04589844,-1
R_ThJYNW6JBxXKp0t,Default Response Set,Anonymous,,,,1,6/19/2018 4:53,6/19/2018 4:56,1,Neutral,1,sdf,2,1.224,3.998,4.54,2,1,,,,,,,1,1,87.223,89.487,103.116,2,,,,,,,1,21,-23,1,,,1,,,1,2,-3,1,,,1,,,1,,,1,,,1,,,1,,,1,,,1,2,2,1,1,,4,sfd,,,32.06669617,34.76669312,-1
R_3exj4DxrOIQTJEG,Default Response Set,Anonymous,,,128.91.110.162,0,6/19/2018 8:53,6/19/2018 8:56,1,Neutral,1,test,2,1.395,1.395,3.793,1,1,,,,,,,1,1,0,0,119.64,0,,,,,,,1,2,1,1,1,-1,1,1,1,1,-1,-1,1,1,-2,1,1,1,1,-1,1,1,1,1,1,2,1,1,1,2,1,1,1,1,1,-2,1,1,,6,24,2,test,39.95970154,-75.19680023,-1
R_d4mDiGCMmd0lELD,Default Response Set,Anonymous,,,73.24.28.127,0,6/19/2018 8:59,6/19/2018 9:02,1,Neutral,1,A3SGR153YCJ1XN,2,5.672,5.672,6.366,1,1,,,,,,,1,1,0,0,98.17,0,,,,,,,1,-100,63,1,-100,47,1,-1,-2,1,-60,18,1,-100,86,1,1,-61,1,-100,27,1,-100,72,1,6,51,1,-58,52,1,-95,90,1,-1,-94,1,1,,3,24,2,no idea,44.94639587,-93.05149841,-1
R_1cY2xbC8m8n6DQd,Default Response Set,Anonymous,,,96.230.6.251,0,6/19/2018 8:59,6/19/2018 9:03,1,Neutral,1,A33RBG4AB7LIPJ,2,3.264,3.264,4.449,1,1,,,,,,,1,1,15.752,15.752,101.621,1,,,,,,,1,-11,-20,1,-1,1,1,2,11,1,1,1,1,1,1,1,-5,-14,1,1,-14,1,-8,-19,1,12,7,1,-10,-11,1,-9,-15,1,-22,-40,1,0,,6,36,5,,41.9980011,-71.49410248,-1
R_11jywWkurfObP49,Default Response Set,Anonymous,,,47.135.100.146,0,6/19/2018 8:59,6/19/2018 9:03,1,Neutral,1,A2U5K5WW79T4Q2,2,8.328,12.008,13.496,3,1,,,,,,,1,1,0,0,98.161,0,,,,,,,1,-100,-44,1,-100,50,1,1,3,1,2,1,1,-85,79,1,-96,-41,1,-95,43,1,-87,77,1,1,1,1,-95,-60,1,-100,74,1,2,-1,1,1,,2,38,20,I'm nost sure,35.76660156,-81.33550262,-1
R_1lcx4WeX5I64jxm,Default Response Set,Anonymous,,,136.56.55.10,0,6/19/2018 8:59,6/19/2018 9:03,1,Anger,1,A20A7HSPBPQURF,2,2.011,12.317,13.858,2,1,1,1,28.467,87.958,94.585,14,,,,,,,,,,,,,1,-29,-24,1,-28,-22,1,-59,-54,1,-26,43,1,-80,-36,1,-36,21,1,-36,58,1,-25,22,1,-23,17,1,-16,-38,1,24,21,1,-55,24,1,0,,5,34,8,To watch a video of a lady yelling thats not yours at a gas station cashier and then rate a couple pictures on if they were displeased or neagtive or positive,35.86010742,-78.83260345,-1
R_2zZx7AVxk3I0lbz,Default Response Set,Anonymous,,,74.98.211.120,0,6/19/2018 8:59,6/19/2018 9:04,1,Neutral,1,A2P76QVLSGJR45,2,26.582,26.582,68.992,1,1,,,,,,,1,1,0,0,100.856,0,,,,,,,1,-68,18,1,-84,44,1,-14,-87,1,-32,-94,1,-75,47,1,-64,-71,1,-70,86,1,-78,68,1,2,-76,1,-73,55,1,-76,59,1,-59,-70,1,1,,6,39,23,no idea,40.43449402,-79.8660965,-1
R_2YP0Ogj7TV89obQ,Default Response Set,Anonymous,,,71.45.145.70,0,6/19/2018 8:59,6/19/2018 9:04,1,Anger,1,A3PTO0DMF57GDG,2,6.158,11.374,15.972,3,1,1,1,4.956,110.302,113.274,37,,,,,,,,,,,,,1,-95,-87,1,-82,-86,1,-74,-67,1,-89,-80,1,-84,-87,1,-87,-88,1,-73,-63,1,-74,-82,1,-68,-67,1,-77,-73,1,-77,-74,1,-87,-88,1,1,,3,58,11,picture on people they look.,33.56500244,-86.70899963,-1
R_1CrpYc0rwfzopWK,Default Response Set,Anonymous,,,96.230.6.251,0,6/19/2018 9:00,6/19/2018 9:04,1,Neutral,1,A3GJWXA13GMS9H,2,1.633,2.613,3.657,2,1,,,,,,,1,1,0,0,147.709,0,,,,,,,1,-17,-5,1,1,1,1,1,3,1,-2,-12,1,1,-1,1,1,1,1,-8,10,1,-17,-5,1,22,9,1,-5,3,1,-13,-8,1,-5,-9,1,1,,6,28,4,,41.9980011,-71.49410248,-1
R_YcdwAJmKG2OMMIp,Default Response Set,Anonymous,,,173.21.103.66,0,6/19/2018 9:00,6/19/2018 9:04,1,Anger,1,A3RS7UCO7CQ74R,2,1.331,11.742,15.216,2,1,1,1,0,0,157.417,0,,,,,,,,,,,,,1,26,-48,1,39,-26,1,61,94,1,59,95,1,-42,-82,1,44,-30,1,43,97,1,25,-27,1,-30,67,1,63,-30,1,11,65,1,40,-51,1,0,,2,30,10,not sure,30.50349426,-88.14320374,-1
R_2ZEsaXXshAfRWWC,Default Response Set,Anonymous,,,142.196.238.141,0,6/19/2018 8:59,6/19/2018 9:05,1,Neutral,1,AAKBYJD64R6K,2,5.673,10.658,12.26,3,1,,,,,,,1,1,7.116,125.569,126.885,6,,,,,,,1,-7,-5,1,-30,-24,1,28,21,1,-61,-80,1,6,11,1,-3,-1,1,-10,32,1,-55,66,1,1,4,1,-15,63,1,-81,56,1,-55,-71,1,0,,5,44,22,Assessing people based on photographs of facial expressions,28.67660522,-81.19909668,-1
R_2ATsGwCQUv2FrFq,Default Response Set,Anonymous,,,184.170.76.155,0,6/19/2018 8:59,6/19/2018 9:05,1,Anxious,1,A2BW6WD7LZ9EGV,2,2.88,4.43,5.492,3,1,,,,,,,,,,,,,1,1,2.544,248.172,248.534,3,1,-23,6,1,-27,37,1,0,0,1,-32,15,1,-10,12,1,-2,-1,1,-80,75,1,-28,-26,1,0,0,1,-12,50,1,-12,-1,1,-6,-30,1,0,,2,27,14,I don't know,37.10350037,-80.42070007,-1
R_3NKSbcHXP58uyIl,Default Response Set,Anonymous,,,70.139.233.1,0,6/19/2018 9:00,6/19/2018 9:05,1,Neutral,1,A3LECJA9RVQQKZ,2,15.397,15.397,20.665,1,1,,,,,,,1,1,5.176,99.697,102.62,2,,,,,,,1,-39,-62,1,-59,-23,1,-19,23,1,2,-22,1,-80,20,1,-11,-12,1,-32,24,1,-20,23,1,2,22,1,-68,33,1,-22,-18,1,-10,-18,1,1,,3,63,46,I don't know. Am I supposed to know?,29.88130188,-95.45410156,-1
R_2dKmz57oNNj2YIF,Default Response Set,Anonymous,,,76.210.185.217,0,6/19/2018 9:00,6/19/2018 9:05,1,Neutral,1,A377LTGWJKY2IW,2,0.356,18.261,19.95,2,1,,,,,,,1,1,0,0,104.98,0,,,,,,,1,-20,-34,1,-81,-40,1,-9,7,1,-18,-9,1,-60,9,1,-50,-20,1,-39,43,1,-39,-20,1,-1,10,1,-18,21,1,-40,-21,1,-6,-39,1,1,,3,49,15,How we view people.,30.53210449,-97.72859955,-1
R_1dNyKDMYVPPSKo9,Default Response Set,Anonymous,,,12.23.232.193,0,6/19/2018 9:01,6/19/2018 9:05,1,Neutral,1,AGON2ML5JT2OI,2,8.49,8.49,19.191,1,1,,,,,,,1,1,0,0,104.644,0,,,,,,,1,-72,41,1,-20,60,1,-20,-40,1,-20,-70,1,-85,30,1,5,-87,1,-81,71,1,-90,60,1,0,-20,1,-80,40,1,-20,-61,1,-70,-60,1,1,,5,28,5,I think the researchers were interested in what types of video clips affected how people viewed the moods of others.,31.10639954,-97.40709686,-1
R_3qVhLNrh3cYzIiy,Default Response Set,Anonymous,,,174.102.237.129,0,6/19/2018 8:59,6/19/2018 9:05,1,Anger,1,A37DTVGS7RX6AG,2,5.956,5.956,11.851,1,1,1,1,0,0,183.321,0,,,,,,,,,,,,,1,-38,32,1,-29,10,1,-10,11,1,-29,-20,1,-18,9,1,-40,6,1,-19,51,1,-61,41,1,-28,-18,1,-50,21,1,-52,41,1,-5,1,1,1,,1,66,37,Really not sure.,42.53759766,-87.85759735,-1
R_24HFhiHyyXOpEKo,Default Response Set,Anonymous,,,67.254.230.146,0,6/19/2018 9:01,6/19/2018 9:05,1,Neutral,1,A3L5XFNSOY6QET,2,10.164,13.043,14.454,3,1,,,,,,,1,1,0,0,99.174,0,,,,,,,1,-51,27,1,-88,47,1,29,63,1,-9,0,1,-4,49,1,1,0,1,-49,100,1,-70,34,1,0,0,1,0,57,1,-59,39,1,-22,-36,1,0,,6,28,2,I don't know,40.77690125,-73.98130035,-1
R_2t5wWtuArw6tcfw,Default Response Set,Anonymous,,,107.77.192.41,0,6/19/2018 9:00,6/19/2018 9:05,1,Anger,1,A1JRMSNROZ1JX5,2,15.631,15.631,33.75,1,1,1,1,0,0,160.758,0,,,,,,,,,,,,,1,-72,-51,1,-57,20,1,-59,-59,1,-24,39,1,-77,-35,1,-40,30,1,-61,-22,1,-54,21,1,12,16,1,-56,-40,1,-80,-49,1,-21,-14,1,1,,1,26,1,No clue,39.9611969,-82.99880219,-1
R_3L2atARBC2tX8rH,Default Response Set,Anonymous,,,204.186.26.125,0,6/19/2018 8:59,6/19/2018 9:05,1,Anger,1,A1GN4RY161SZC5,2,9.385,28.579,61.44,5,1,1,1,25.59,46.084,119.99,3,,,,,,,,,,,,,1,-73,23,1,-46,-81,1,-46,-100,1,-25,46,1,-99,-100,1,-53,-58,1,-100,46,1,-33,36,1,-49,-100,1,-31,55,1,-59,-56,1,-72,-62,1,1,,2,31,15,To see how people interpret physical appearance ,40.84570313,-75.49479675,-1
R_2rPFo7VDblGc17g,Default Response Set,Anonymous,,,104.236.70.228,0,6/19/2018 8:59,6/19/2018 9:05,1,Anger,1,A37JWJZXMIB8L6,2,52.668,87.753,89.155,7,1,1,1,0,0,105.585,0,,,,,,,,,,,,,1,-7,-3,1,-10,-7,1,-11,-5,1,7,9,1,-14,-9,1,11,9,1,-6,4,1,9,5,1,5,7,1,8,9,1,-4,-4,1,4,-11,1,1,,6,28,5,engineer,40.83259583,-74.13069916,-1
R_1ApFQNgRt4TFoiZ,Default Response Set,Anonymous,,,73.208.106.43,0,6/19/2018 9:00,6/19/2018 9:05,1,Neutral,1,A1561P9VVA3C1C,2,22.907,22.907,26.89,1,1,,,,,,,1,1,0,0,99.377,0,,,,,,,1,-89,16,1,-84,12,1,-1,-29,1,18,11,1,-53,6,1,-90,-21,1,-7,4,1,-69,5,1,6,-14,1,-28,19,1,-46,12,1,-3,-28,1,1,,5,44,8,To evaluate how one rates faces after viewing a relaxing video. ,41.93099976,-88.00900269,-1
R_2tsACLhCockOBGy,Default Response Set,Anonymous,,,70.112.174.247,0,6/19/2018 9:02,6/19/2018 9:06,1,Anger,1,A1QVNF19XSRSD7,2,4.773,4.773,5.953,1,1,1,1,0,0,158.941,0,,,,,,,,,,,,,1,-35,-41,1,-28,-31,1,-41,-21,1,-41,-37,1,-30,-36,1,-50,-42,1,-30,-40,1,-35,-39,1,-44,-44,1,-25,-27,1,-22,-34,1,-31,-47,1,0,,5,33,5,???,30.36599731,-97.64369965,-1
R_3etBK0e3ZgGCwVM,Default Response Set,Anonymous,,,173.239.240.101,0,6/19/2018 9:01,6/19/2018 9:06,1,Anger,1,A1Y689M29Q274B,2,1.018,3.544,5.13,2,1,1,1,52.013,84.836,158.511,2,,,,,,,,,,,,,1,-39,-18,1,-86,63,1,49,-48,1,-56,76,1,-83,51,1,-60,58,1,-53,41,1,-79,53,1,-19,-44,1,-94,52,1,-81,63,1,-32,22,1,1,,2,23,4,Racism?,41.84829712,-87.65170288,-1
R_xnJnFlTJp1OTSqR,Default Response Set,Anonymous,,,174.96.226.62,0,6/19/2018 9:00,6/19/2018 9:06,1,Anger,1,A2FLZP3C6U67JY,2,11.678,11.678,13.508,1,1,1,1,31.254,180.843,181.949,2,,,,,,,,,,,,,1,-59,16,1,-55,26,1,0,-27,1,-42,-64,1,-28,41,1,-18,-44,1,-66,51,1,-55,34,1,12,-17,1,-46,28,1,-60,28,1,-7,-47,1,0,,3,34,9,to study how negative interactions change how we view people,41.39889526,-83.65390015,-1
R_XEUEHwt5FkrKXVD,Default Response Set,Anonymous,,,192.241.122.149,0,6/19/2018 8:59,6/19/2018 9:06,1,Neutral,1,A3OJ11M92DQBSJ,2,15.584,118.347,121.524,9,1,,,,,,,1,1,19.708,81.886,101.938,17,,,,,,,1,46,61,1,37,39,1,52,47,1,48,39,1,50,43,1,52,59,1,29,48,1,56,51,1,32,44,1,45,56,1,32,47,1,42,44,1,1,,6,30,5,LIKE,30.26780701,-97.74259949,-1
R_1dyrcXkjpynKeIt,Default Response Set,Anonymous,,,67.8.168.70,0,6/19/2018 9:00,6/19/2018 9:06,1,Anxious,1,A23KAJRDVCVGOE,2,1.3,3.797,8.715,2,1,,,,,,,,,,,,,1,1,116.869,116.869,245.775,1,1,-81,-78,1,-100,-61,1,-37,1,1,-78,-92,1,-33,-40,1,-29,-29,1,-44,-40,1,-95,-37,1,13,14,1,-59,-36,1,-70,-38,1,-40,1,1,0,,2,39,21,decisions,28.38989258,-81.43659973,-1
R_5pBddYhWqxwF2OB,Default Response Set,Anonymous,,,40.142.171.67,0,6/19/2018 9:02,6/19/2018 9:06,1,Neutral,1,A27ZE20JZ3VDUP,2,2.806,10.519,11.744,2,1,,,,,,,1,1,2.662,177.72,178.715,6,,,,,,,1,-30,-61,1,-40,-54,1,-50,-4,1,-22,34,1,-39,-9,1,47,-18,1,26,31,1,-82,-80,1,87,-25,1,-63,34,1,-36,-53,1,2,1,1,0,,3,25,3,perceptions of videos,32.66119385,-83.78540039,-1
R_2Xhx7Ij2zIuXeng,Default Response Set,Anonymous,,,71.231.60.97,0,6/19/2018 9:00,6/19/2018 9:06,1,Neutral,1,A20RVM3V1A3DKX,2,6.343,8.08,12.895,2,1,,,,,,,1,1,6.489,6.489,105.391,1,,,,,,,1,-81,1,1,-62,60,1,1,41,1,0,-24,1,-79,22,1,-60,-20,1,-26,66,1,-82,60,1,63,64,1,-39,51,1,-41,58,1,-16,22,1,0,,2,55,35,Not sure,47.30369568,-122.3744049,-1
R_2zGworow64aNCAK,Default Response Set,Anonymous,,,117.221.222.194,0,6/19/2018 8:59,6/19/2018 9:06,1,Neutral,1,A2XLTGDI5Q0VD,2,7.279,27.924,29.133,3,1,,,,,,,1,1,13.824,65.052,292.977,3,,,,,,,1,-56,-43,1,-26,-41,1,-33,-12,1,-36,-18,1,-35,15,1,16,15,1,-30,-21,1,-27,18,1,24,20,1,-37,-41,1,-23,26,1,-24,-10,1,0,,6,32,5,decision making,11.3500061,77.73330688,-1
R_29aXeAxdMn9IiuW,Default Response Set,Anonymous,,,207.172.183.90,0,6/19/2018 8:59,6/19/2018 9:06,1,Anxious,1,A3K4MDM191NKF6,2,2.443,11.223,12.274,2,1,,,,,,,,,,,,,1,1,277.097,277.404,283.957,2,1,-91,-89,1,-93,-92,1,-60,-60,1,-96,-97,1,-93,-90,1,-98,-92,1,-77,24,1,-80,-80,1,2,1,1,-80,-80,1,-60,-40,1,-60,-60,1,1,,4,33,13,I have no idea,40.60620117,-75.47799683,-1
R_3IRVJ9Zo38IA3Pq,Default Response Set,Anonymous,,,138.128.60.80,0,6/19/2018 8:59,6/19/2018 9:06,1,Anger,1,A3OFNLGXF2VPWQ,2,4.264,31.613,33.202,4,1,1,1,14.943,68.802,107.791,12,,,,,,,,,,,,,1,61,16,1,53,42,1,34,43,1,62,45,1,41,35,1,53,39,1,62,20,1,58,29,1,61,55,1,35,25,1,41,42,1,47,7,1,0,,6,30,4,Find the active face,42.88639832,-78.87809753,-1
R_1PZs6tIn44Nt51Q,Default Response Set,Anonymous,,,72.48.29.161,0,6/19/2018 9:00,6/19/2018 9:07,1,Anxious,1,A2ODH6HV36EP88,2,5.904,5.904,6.848,1,1,,,,,,,,,,,,,1,1,35.362,35.362,252.27,1,1,-87,-61,1,-100,0,1,0,0,1,5,19,1,-75,-40,1,-14,-34,1,-60,-70,1,-60,-40,1,10,40,1,-20,20,1,-20,-39,1,-39,-60,1,0,,5,36,10,Unsure,33.10879517,-97.16649628,-1
R_yInTbGgt1Nv9FyV,Default Response Set,Anonymous,,,73.178.168.46,0,6/19/2018 9:00,6/19/2018 9:07,1,Anxious,1,A1UCB0D27PY623,2,7.227,7.227,8.808,1,1,,,,,,,,,,,,,1,1,89.203,101.696,246.156,2,1,-40,20,1,-60,55,1,0,-40,1,-20,20,1,-35,40,1,0,-40,1,-80,60,1,-40,41,1,0,-40,1,-60,60,1,-35,20,1,-10,0,1,0,,2,33,17,I have no idea.,40.1434021,-74.66020203,-1
R_AbXTtiTjiOO9Xk5,Default Response Set,Anonymous,,,70.172.194.36,0,6/19/2018 9:03,6/19/2018 9:07,1,Neutral,1,A3F90N8YVKJ4I7,2,19.392,21.492,24.705,2,1,,,,,,,1,1,0,0,98.951,0,,,,,,,1,-17,1,1,-32,-13,1,-17,1,1,-31,-56,1,-40,-18,1,1,1,1,-37,-8,1,-62,1,1,16,1,1,-22,30,1,-21,-42,1,-9,1,1,0,,5,40,20,I don't know.,41.76939392,-71.46759796,-1
R_3iW1Mb2bkUY3QIU,Default Response Set,Anonymous,,,75.88.122.124,0,6/19/2018 9:00,6/19/2018 9:07,1,Anxious,1,A4T4577P6JL6R,2,7.323,7.323,11.047,1,1,,,,,,,,,,,,,1,1,0,0,249.204,0,1,-80,41,1,-38,58,1,-18,-52,1,-14,41,1,-26,19,1,0,-53,1,-87,72,1,-47,35,1,-1,-79,1,-55,78,1,-39,11,1,-2,-57,1,0,,1,28,7,To study our reactions to emotion of faces after seeing something tragic.,38.33639526,-82.99240112,-1
R_2dQHbS0XWxC5SAn,Default Response Set,Anonymous,,,59.97.52.51,0,6/19/2018 9:01,6/19/2018 9:07,1,Neutral,1,A2QE7F8TI3NAGI,2,4.824,22.67,26.419,3,1,,,,,,,1,1,208.437,208.437,210.016,1,,,,,,,1,-26,22,1,7,-7,1,13,-4,1,6,5,1,12,11,1,56,79,1,16,11,1,7,-36,1,9,-6,1,26,70,1,38,31,1,6,-8,1,1,,6,27,5,GOOD ,10.3500061,77.95001221,-1
R_1i5spxCOsjuTreD,Default Response Set,Anonymous,,,68.142.37.54,0,6/19/2018 9:03,6/19/2018 9:07,1,Neutral,1,AYO5YJNJHMKJO,2,8.844,8.844,9.908,1,1,,,,,,,1,1,3.803,55.991,103.964,2,,,,,,,1,-30,72,1,-38,44,1,-5,19,1,-17,75,1,-59,55,1,-4,-30,1,-31,100,1,-80,86,1,7,10,1,-22,74,1,-47,76,1,-2,9,1,1,,6,33,15,"Perceptions of mood and attentiveness after being primed with a video (I think I got the control video, it was a nice David Attenborough documentary).",44.31750488,-73.09089661,-1
R_8vafH19Ne1wztSh,Default Response Set,Anonymous,,,24.186.183.108,0,6/19/2018 9:03,6/19/2018 9:08,1,Neutral,1,AZIY6IFOS4CVC,2,10.66,12.558,15.259,2,1,,,,,,,1,1,9.507,98.729,101.149,3,,,,,,,1,-80,-18,1,-82,70,1,-16,0,1,-22,29,1,-100,40,1,-11,-34,1,-24,49,1,-89,68,1,-37,-53,1,-16,50,1,-62,46,1,-64,-89,1,0,,5,30,8,Rating faces,41.02220154,-73.8125,-1
R_3qeXLm5wUc4KO16,Default Response Set,Anonymous,,,157.48.43.199,0,6/19/2018 9:03,6/19/2018 9:08,1,Neutral,1,AJYS2S6A21J19,2,3.797,11.772,11.815,5,1,,,,,,,1,1,2.165,121.27,121.287,11,,,,,,,1,32,70,1,47,39,1,26,13,1,16,-17,1,14,-12,1,21,-21,1,75,31,1,44,-21,1,83,-1,1,38,-26,1,63,58,1,17,-18,1,0,,4,26,5,good,17.37530518,78.47439575,-1
R_RnxalObCOnJ9IPL,Default Response Set,Anonymous,,,98.213.21.48,0,6/19/2018 9:03,6/19/2018 9:08,1,Anger,1,A2BZY06YRWGEDL,2,15.992,16.537,18.197,2,1,1,1,1.39,1.39,159.591,1,,,,,,,,,,,,,1,-31,7,1,1,11,1,-18,-41,1,-1,0,1,-9,21,1,21,11,1,-40,22,1,-20,11,1,21,0,1,-42,24,1,-22,23,1,-22,-1,1,0,,2,29,11,I think it is about getting varying opinions from different groups of people. ,41.35870361,-89.22319794,-1
R_11hm24vg4uN8H7n,Default Response Set,Anonymous,,,45.72.6.183,0,6/19/2018 9:00,6/19/2018 9:08,1,Anxious,1,AJ204D5LUWTVY,2,1.831,11.286,22.612,2,1,,,,,,,,,,,,,1,1,6.454,248.878,251.665,4,1,-19,-15,1,12,14,1,31,16,1,20,20,1,17,15,1,20,20,1,-8,20,1,-15,24,1,33,18,1,22,19,1,24,16,1,-12,-14,1,1,,5,75,41,This study is about Personal opinions. ,42.38279724,-71.09549713,-1
R_RxhChKDxkRpG58Z,Default Response Set,Anonymous,,,174.111.199.190,0,6/19/2018 9:02,6/19/2018 9:08,1,Neutral,1,A2R369ORILTO29,2,15.602,17.616,18.238,2,1,,,,,,,1,1,7.352,98.218,105.338,2,,,,,,,1,-15,30,1,-36,64,1,7,-7,1,-8,-32,1,-9,14,1,9,-57,1,-54,36,1,-43,29,1,7,-24,1,-22,30,1,-6,26,1,6,-49,1,1,,5,50,32,To see how if a person can assess a person's mood based on their facial expression.,36.00740051,-79.87319946,-1
R_um5HlK7Xx9MrNQZ,Default Response Set,Anonymous,,,107.175.81.219,0,6/19/2018 9:01,6/19/2018 9:08,1,Neutral,1,ACH337Q8X1SOI,2,8.388,65.337,67.052,5,1,,,,,,,1,1,36.708,36.708,142.807,1,,,,,,,1,-36,-40,1,-34,-38,1,-32,-36,1,-38,-41,1,-36,-32,1,-38,-42,1,-26,-34,1,-26,-36,1,31,39,1,-40,-45,1,-34,-44,1,-39,-38,1,0,,6,1988,4,this study is very very purpose,42.88639832,-78.87809753,-1
R_rrkmiQDEPeVZ9rb,Default Response Set,Anonymous,,,174.206.2.121,0,6/19/2018 9:02,6/19/2018 9:08,1,Anger,1,A2R2HMURPYBWWC,2,13.706,13.706,67.067,1,1,1,1,9.748,9.748,164.423,1,,,,,,,,,,,,,1,26,63,1,12,-25,1,12,41,1,19,7,1,-11,26,1,-37,27,1,16,49,1,-43,-46,1,9,-5,1,11,11,1,27,46,1,20,10,1,1,,2,31,10,Judging people in a video.,32.81950378,-96.63379669,-1
R_238heZvuDl3RUDw,Default Response Set,Anonymous,,,73.204.204.172,0,6/19/2018 9:00,6/19/2018 9:08,1,Anxious,1,A3P9OTCAYB6E9V,2,4.425,4.425,5.997,1,1,,,,,,,,,,,,,1,1,0,0,247.826,0,1,-45,31,1,-40,50,1,-5,-5,1,-13,-40,1,-20,22,1,0,0,1,-40,47,1,-19,17,1,0,0,1,-20,21,1,-33,26,1,10,20,1,1,,2,28,5,To see how you judge people based on heightened emotions,25.1842041,-80.37909698,-1
R_3L5OlL73ZNEsc44,Default Response Set,Anonymous,,,97.83.166.141,0,6/19/2018 9:01,6/19/2018 9:08,1,Anxious,1,A2ET15NDA251D6,2,9.098,9.098,15.302,1,1,,,,,,,,,,,,,1,1,78.427,78.427,249.317,1,1,-81,47,1,-57,3,1,-3,-3,1,-50,24,1,-71,10,1,-5,-3,1,-76,59,1,-75,-7,1,-7,-7,1,-51,15,1,-12,5,1,-19,-7,1,0,,3,47,28,Not sure,43.7559967,-88.36660004,-1
R_3HnUUauJykYa3ys,Default Response Set,Anonymous,,,68.191.63.91,0,6/19/2018 9:00,6/19/2018 9:08,1,Anxious,1,A69MJ072PH13,2,73.822,73.822,74.823,1,1,,,,,,,,,,,,,1,1,202.503,207.932,246.574,2,1,-28,-8,1,-100,-86,1,0,-18,1,-44,-67,1,-100,-86,1,-15,-11,1,-53,41,1,-26,18,1,0,0,1,-20,38,1,-23,-14,1,-7,13,1,1,,2,35,19,To see if the video would effect our emotions and answers for the face pictures.,42.05940247,-71.93560028,-1
R_WeXKsfKwDMi2tpf,Default Response Set,Anonymous,,,96.8.121.150,0,6/19/2018 9:04,6/19/2018 9:08,1,Anger,1,A2QBJTFPTUQ8U2,2,2.863,20.76,23.896,4,1,1,1,1.729,31.902,136.684,8,,,,,,,,,,,,,1,74,79,1,75,80,1,70,80,1,73,84,1,71,71,1,70,78,1,69,76,1,71,77,1,77,74,1,79,87,1,91,88,1,100,59,1,0,,6,28,10,no,42.88639832,-78.87809753,-1
R_2OIK7g5BHm55dSh,Default Response Set,Anonymous,,,73.124.25.137,0,6/19/2018 9:01,6/19/2018 9:08,1,Anxious,1,A29IYYTS4YDXR7,2,44.936,44.936,45.965,1,1,,,,,,,,,,,,,1,1,4.86,4.86,251.999,1,1,-36,-28,1,-45,29,1,30,-36,1,-51,-92,1,-42,-36,1,-34,-25,1,-40,-68,1,-51,35,1,30,11,1,-43,60,1,-53,-67,1,14,32,1,0,,3,21,1,Scaring people and then asking them what they thought about faces. ,25.93719482,-80.31700134,-1
R_2q2uO26fUXIyWme,Default Response Set,Anonymous,,,99.184.131.12,0,6/19/2018 9:00,6/19/2018 9:08,1,Anger,1,A19UBZFVUWL1ES,2,36.468,36.468,38.075,1,1,1,1,8.507,160.406,161.686,2,,,,,,,,,,,,,1,-5,7,1,-26,-7,1,3,4,1,3,-10,1,-14,5,1,-3,6,1,-2,14,1,-37,7,1,2,9,1,5,20,1,-11,13,1,-3,-10,1,0,,5,49,26,i have no idea whatsoever,33.79299927,-84.44319916,-1
R_1Zb7YE5HPigSesh,Default Response Set,Anonymous,,,174.81.136.13,0,6/19/2018 9:03,6/19/2018 9:08,1,Anger,1,A1QKIA8XRNEXIG,2,4.777,4.777,9.967,1,1,1,1,19.364,19.364,161.011,1,,,,,,,,,,,,,1,-81,-40,1,-83,-73,1,72,45,1,-22,58,1,-77,-45,1,-78,-36,1,-48,51,1,-64,40,1,81,42,1,-53,43,1,-82,-30,1,-18,-14,1,1,,2,35,16,I'm not sure,34.19169617,-86.19339752,-1
R_Td7rSXLYo1VoUfL,Default Response Set,Anonymous,,,67.189.171.219,0,6/19/2018 9:05,6/19/2018 9:09,1,Neutral,1,AMTTB8JUWRRM7,2,5.829,8.238,9.228,2,1,,,,,,,1,1,8.431,8.431,101.616,1,,,,,,,1,-100,-100,1,-100,-20,1,1,-10,1,1,42,1,-100,1,1,-100,-81,1,-100,61,1,-100,1,1,1,-9,1,-100,41,1,-100,-11,1,0,-62,1,1,,2,21,0,To see how a video effects perception of emotions,42.42630005,-71.45420074,-1
R_10qHVTjKNe2J7ef,Default Response Set,Anonymous,,,71.58.237.142,0,6/19/2018 9:01,6/19/2018 9:09,1,Anger,1,A1F3QNQHIL7K4U,2,8.221,8.221,9.796,1,1,1,1,0,0,160.118,0,,,,,,,,,,,,,1,-40,20,1,-40,20,1,10,-41,1,-70,-20,1,-80,40,1,-10,60,1,-50,40,1,-100,40,1,4,-41,1,-10,30,1,-30,-20,1,-20,-40,1,0,,2,36,15,To find out how people perceive facial expressions after experiencing racism?,41.29730225,-75.95339966,-1
R_1dmkRby0q4mXX9B,Default Response Set,Anonymous,,,104.200.36.51,0,6/19/2018 8:59,6/19/2018 9:09,1,Neutral,1,A58D0XGXKAX56,2,2.523,22.463,23.93,3,1,,,,,,,1,1,6.256,7.997,155.259,3,,,,,,,1,100,100,1,99,96,1,92,99,1,92,89,1,90,99,1,98,91,1,99,95,1,95,100,1,92,96,1,93,100,1,93,94,1,89,91,1,0,,6,29,10,GOOD,35.65280151,-97.47810364,-1
R_sYdeAGLYW9xsOFr,Default Response Set,Anonymous,,,174.71.60.245,0,6/19/2018 9:00,6/19/2018 9:09,1,Anger,1,A3B7TNVOISSZ2O,2,11.613,11.613,13.723,1,1,1,1,18.511,163.674,167.268,2,,,,,,,,,,,,,1,-39,20,1,-20,12,1,-6,-16,1,-12,-100,1,-58,15,1,-18,-43,1,0,61,1,-80,42,1,5,-80,1,-21,71,1,-61,11,1,-1,-42,1,0,,6,39,17,Understand perceptions of negativity,41.29930115,-96.16660309,-1
R_udZzOdu46YLpksx,Default Response Set,Anonymous,,,184.59.79.86,0,6/19/2018 9:00,6/19/2018 9:09,1,Anxious,1,A1RE9OEQ7QFTLI,2,12.5,12.5,25.52,1,1,,,,,,,,,,,,,1,1,0,0,252.945,0,1,-54,42,1,-20,-7,1,-4,-6,1,-60,12,1,-92,36,1,-77,-16,1,-50,38,1,-99,63,1,-6,14,1,-41,25,1,-56,36,1,-17,15,1,1,,5,36,17,I honestly have no idea but I'd love to know what that video I watched was! ,39.10929871,-84.62090302,-1
R_CfB1EPXjEuUaklb,Default Response Set,Anonymous,,,96.32.75.231,0,6/19/2018 8:59,6/19/2018 9:09,1,Anxious,1,AIZTLQM7HHQN6,2,6.802,6.802,9.772,1,1,,,,,,,,,,,,,1,1,0,0,255.314,0,1,-27,45,1,-18,-9,1,-13,71,1,9,84,1,-86,11,1,-85,-24,1,7,-8,1,-86,85,1,-19,87,1,-10,34,1,-52,16,1,-32,49,1,0,,5,26,3,I honestly have no idea....Was the video supposed to put me in a certain mindset?,34.00909424,-84.00879669,-1
R_9ZGlsd9HstuJVO9,Default Response Set,Anonymous,,,68.70.176.230,0,6/19/2018 8:59,6/19/2018 9:09,1,Anxious,1,A1DS5O8MSI3ZH0,2,4.164,4.164,8.472,1,1,,,,,,,,,,,,,1,1,0,0,248.604,0,1,-45,-36,1,-45,6,1,-15,-43,1,-49,-25,1,-11,13,1,0,-49,1,-60,20,1,-59,-46,1,14,1,1,-39,22,1,-60,11,1,0,-30,1,0,,4,41,18,I don't know,41.6499939,-83.67410278,-1
R_11coPwXdSu798mc,Default Response Set,Anonymous,,,68.37.211.184,0,6/19/2018 9:02,6/19/2018 9:09,1,Anxious,1,AYBMCJK8G46EU,2,4.071,12.016,32.155,2,1,,,,,,,,,,,,,1,1,23.888,23.888,260.248,1,1,-60,-53,1,-39,-51,1,1,1,1,-29,-27,1,-58,-46,1,1,1,1,-46,-43,1,-61,-58,1,37,35,1,-41,-35,1,-78,-76,1,-37,-37,1,1,,4,28,9,opinion,42.21960449,-83.604599,-1
R_1IrOEA6C3QTwmht,Default Response Set,Anonymous,,,73.74.29.241,0,6/19/2018 9:02,6/19/2018 9:10,1,Anxious,1,A3RFHN13MRS8LA,2,8.542,8.542,10.018,1,1,,,,,,,,,,,,,1,1,0,0,247.31,0,1,-37,34,1,-29,26,1,18,-19,1,-1,-11,1,-28,19,1,27,-28,1,-59,61,1,-47,29,1,-13,16,1,-52,53,1,16,-16,1,5,-22,1,1,,2,31,15,I have no idea.  I watched a video about people falling off a cliff and then answered some question about facial expressions about people that were not even in the video.,42.25579834,-88.99909973,-1
R_1GPsKxtODFl4Gv7,Default Response Set,Anonymous,,,107.10.200.168,0,6/19/2018 9:03,6/19/2018 9:10,1,Anxious,1,A142ZRU284W9O,2,1.399,7.086,7.938,3,1,,,,,,,,,,,,,1,1,1.505,3.402,329.524,3,1,-67,19,1,-60,58,1,-15,-49,1,-42,40,1,-18,-22,1,-25,-54,1,-45,59,1,-30,-17,1,32,20,1,-21,26,1,-7,8,1,-12,-14,1,0,,4,36,11,I don't know.,41.51919556,-81.64309692,-1
R_cHkqNFIN8grkbjb,Default Response Set,Anonymous,,,68.204.0.54,0,6/19/2018 9:05,6/19/2018 9:10,1,Neutral,1,AK9XE112RZO6Q,2,6.958,6.958,8.127,1,1,,,,,,,1,1,41.503,48.233,131.978,4,,,,,,,1,-30,14,1,-33,-63,1,2,1,1,-1,-28,1,-65,-34,1,10,1,1,-24,12,1,-42,-32,1,1,3,1,-10,7,1,-14,-11,1,-1,-32,1,1,,3,33,14,Watching a video about fish and the ocean and rating different facial expressions.,28.68119812,-81.27629852,-1
R_2Yn2EPJQ2Gl72xn,Default Response Set,Anonymous,,,99.56.221.155,0,6/19/2018 9:04,6/19/2018 9:11,1,Anxious,1,A3TAJQPYQE1GU4,2,4.79,4.79,10.366,1,1,,,,,,,,,,,,,1,1,12.614,12.614,254.087,1,1,-12,-23,1,1,-25,1,1,-22,1,1,-16,1,-11,-41,1,1,-7,1,-21,-34,1,1,-25,1,1,-5,1,-9,-19,1,-7,-33,1,-9,-16,1,0,,3,27,6,Emotions,26.27200317,-80.25800323,-1
R_22Pokh1yMu59NDE,Default Response Set,Anonymous,,,107.77.219.156,0,6/19/2018 9:06,6/19/2018 9:11,1,Neutral,1,A2G4PA35IX5RIA,2,3.299,11.079,15.157,2,1,,,,,,,1,1,0,0,109.815,0,,,,,,,1,-66,-17,1,-76,50,1,1,22,1,1,-67,1,-18,20,1,-40,13,1,-67,87,1,-63,53,1,0,10,1,-39,14,1,-41,22,1,-11,-39,1,0,,2,29,1,I have NO clue. Fish and faces.,29.62219238,-95.32700348,-1
R_2DXPKS9LUrzhGgs,Default Response Set,Anonymous,,,107.5.199.80,0,6/19/2018 9:05,6/19/2018 9:11,1,Anger,1,A1C7XI68SED8JE,2,25.491,25.491,27.199,1,1,1,1,0,0,116.319,0,,,,,,,,,,,,,1,-22,-50,1,-71,50,1,2,-7,1,10,6,1,-14,17,1,-21,-15,1,-20,35,1,-10,-4,1,9,-38,1,-11,11,1,-50,34,1,25,15,1,1,,5,35,10,rating people,42.85549927,-85.88279724,-1
R_Thc6GlvmnnXZoGJ,Default Response Set,Anonymous,,,24.177.94.61,0,6/19/2018 9:05,6/19/2018 9:11,1,Anger,1,A22JBMOHQKHTSS,2,10.062,17.131,47.292,2,1,1,1,0,0,173.657,0,,,,,,,,,,,,,1,-66,-22,1,-51,-75,1,1,-69,1,-20,-77,1,-33,-61,1,-24,-88,1,-64,30,1,-85,19,1,1,-88,1,-63,64,1,-36,50,1,-11,-88,1,0,,2,28,6,Rating peoples faces,44.7454071,-73.46279907,-1
R_3psAHT1Ll5aPQZP,Default Response Set,Anonymous,,,70.126.244.90,0,6/19/2018 9:03,6/19/2018 9:11,1,Anger,1,ABEJPX8HRQFAW,2,8.151,8.151,10.201,1,1,1,1,0,0,160.992,0,,,,,,,,,,,,,1,-79,-11,1,-100,26,1,-40,10,1,32,49,1,25,32,1,5,20,1,-21,11,1,-60,15,1,40,20,1,-60,-40,1,-66,18,1,10,10,1,0,,5,37,19,To understand how people relate facial expressions to energy perception after being shocked by a racist video.,27.98390198,-82.7181015,-1
R_1gUeUZFQ3mqxRwU,Default Response Set,Anonymous,,,107.170.186.79,0,6/19/2018 9:06,6/19/2018 9:11,1,Neutral,1,A2NGL3AZ3P8W92,2,6.974,48.766,54.82,4,1,,,,,,,1,1,0.605,78.742,122.012,11,,,,,,,1,-6,-35,1,-7,-11,1,1,-20,1,-18,-30,1,-21,6,1,13,36,1,-12,-16,1,14,-18,1,-43,12,1,-2,16,1,-7,-38,1,-2,-28,1,0,,6,31,8,"I know that the study tries to find out something, but I do not know what it is.",40.73080444,-73.99749756,-1
R_3Jtqko8F1XoN81X,Default Response Set,Anonymous,,,68.235.36.122,0,6/19/2018 9:02,6/19/2018 9:11,1,Anxious,1,A2HEZCJ1DMZAAX,2,1.944,79.516,81.088,5,1,,,,,,,,,,,,,1,1,10.177,10.627,256.395,2,1,72,56,1,-17,12,1,-8,11,1,61,63,1,-19,-26,1,25,53,1,-18,-16,1,-15,42,1,46,56,1,44,32,1,25,17,1,23,52,1,0,,4,32,6,human energy,41.76060486,-88.32009888,-1
R_3GDkXyTIVZvb7z2,Default Response Set,Anonymous,,,99.56.221.155,0,6/19/2018 8:59,6/19/2018 9:11,1,Anxious,1,AFZKP8TAXAUCR,2,8.266,15.488,17.577,2,1,,,,,,,,,,,,,1,1,6.249,32.903,253.861,4,1,-52,17,1,1,-31,1,1,18,1,1,-25,1,1,15,1,-2,-38,1,-73,-4,1,-67,22,1,1,-1,1,-55,39,1,-38,-24,1,1,-40,1,0,,4,24,2,NA,26.27200317,-80.25800323,-1
R_SJ21jOKnWhHrb69,Default Response Set,Anonymous,,,97.95.91.72,0,6/19/2018 9:05,6/19/2018 9:12,1,Anxious,1,A1ZD8RU6YB0VEU,2,1.969,5.904,6.977,2,1,,,,,,,,,,,,,1,1,78.264,130.703,251.944,133,1,-20,-20,1,-30,-30,1,0,-20,1,20,20,1,-40,-40,1,-20,-20,1,-20,-20,1,-20,-20,1,20,10,1,-20,-20,1,-40,-40,1,-20,-20,1,0,,2,24,6,I am not to sure.,46.4822998,-90.15399933,-1
R_3KVYeV6gq4XgoYr,Default Response Set,Anonymous,,,107.174.170.116,0,6/19/2018 9:00,6/19/2018 9:12,1,Anxious,1,ADUACF4TW5833,2,19.448,244.811,247.021,10,1,,,,,,,,,,,,,1,1,17.363,214.23,362.957,2,1,26,-11,1,99,-62,1,-23,-49,1,-100,-84,1,25,61,1,64,44,1,91,41,1,98,36,1,80,59,1,92,31,1,-18,43,1,9,-11,1,1,,5,29,5,no thanks,34.0493927,-118.2640991,-1
R_2Ecc6z794NKRoWu,Default Response Set,Anonymous,,,47.32.4.227,0,6/19/2018 9:09,6/19/2018 9:12,1,Anger,1,AOTCPS24JM5DQ,2,2.677,5.045,5.816,3,1,1,1,14.76,82.376,94.938,3,,,,,,,,,,,,,1,7,-10,1,-26,-50,1,34,-30,1,18,13,1,18,45,1,-18,19,1,-28,13,1,-34,-65,1,24,12,1,-20,38,1,-10,-27,1,-35,-63,1,0,,4,26,5,to see our views and opinions ,45.24200439,-93.65840149,-1
R_UFpUFarx8tgb9YJ,Default Response Set,Anonymous,,,69.197.108.78,0,6/19/2018 9:08,6/19/2018 9:13,1,Neutral,1,A38VMTKS30TQZB,2,5.734,7.769,8.835,3,1,,,,,,,1,1,0,0,97.375,0,,,,,,,1,-56,13,1,-59,29,1,-21,-50,1,3,11,1,-80,-4,1,-15,5,1,-21,45,1,-39,20,1,0,0,1,-66,10,1,-55,26,1,-39,-41,1,0,,5,31,7,Unsure,41.73640442,-89.70420074,-1
R_30w1NhtPXzW7AbI,Default Response Set,Anonymous,,,223.182.246.223,0,6/19/2018 9:04,6/19/2018 9:13,1,Neutral,1,A1EP1BT7SH6S1C,2,42.062,62.3,65.238,4,1,,,,,,,1,1,32.392,250.378,251.22,4,,,,,,,1,-33,-32,1,-74,-62,1,8,11,1,-23,-43,1,-49,-45,1,16,10,1,-20,-22,1,-72,49,1,44,30,1,-67,48,1,-47,-22,1,0,-1,1,0,,6,32,8,Decision making,10.99249268,76.96139526,-1
R_so5b7P0vbbrfjkB,Default Response Set,Anonymous,,,47.213.160.210,0,6/19/2018 9:10,6/19/2018 9:13,1,Neutral,1,A3PC7DYXJW4I2Z,2,7.338,7.338,8.826,1,1,,,,,,,1,1,16.082,16.082,101.62,1,,,,,,,1,-33,-13,1,-79,-20,1,-9,-1,1,-15,-16,1,-22,-10,1,1,1,1,-43,-43,1,-100,-28,1,14,8,1,-47,-30,1,-52,-48,1,18,-9,1,0,,5,23,5,To find correlation with mood,37.02709961,-93.31929779,-1
R_3JgsynWKiz52mWc,Default Response Set,Anonymous,,,142.196.129.55,0,6/19/2018 9:05,6/19/2018 9:14,1,Anger,1,A13FUEPWBCLBUY,2,16.525,16.525,18.179,1,1,1,1,173.513,173.513,175.384,1,,,,,,,,,,,,,1,-40,15,1,-60,25,1,-2,-80,1,-10,-15,1,-85,30,1,-20,-30,1,-30,40,1,-80,70,1,5,-45,1,-15,15,1,-50,40,1,-2,-60,1,0,,6,34,8,To gauge our perceptions of people after having viewed a particularly negative video.,28.54449463,-81.37059784,-1
R_Y059sre5DD2FhRf,Default Response Set,Anonymous,,,157.182.121.252,0,6/19/2018 9:07,6/19/2018 9:14,1,Anxious,1,A1ZZ7YO3YASNIP,2,6.694,6.694,7.457,1,1,,,,,,,,,,,,,1,1,34.269,289.308,290.113,5,1,-31,-3,1,-34,7,1,-4,-7,1,-11,-20,1,-19,4,1,-14,-19,1,-38,70,1,-72,-21,1,7,32,1,-11,11,1,-15,7,1,-4,-19,1,1,,5,26,5,I don't know.,39.64559937,-79.94329834,-1
R_9ZcH6jTnWiXyBXz,Default Response Set,Anonymous,,,216.131.22.250,0,6/19/2018 9:09,6/19/2018 9:14,1,Neutral,1,A204JAK7QRDWVM,2,15.438,15.438,16.433,1,1,,,,,,,1,1,0,0,98.167,0,,,,,,,1,-23,-15,1,-12,26,1,1,-67,1,-8,-41,1,-18,27,1,-2,-32,1,-49,0,1,-55,51,1,4,-89,1,-76,64,1,-28,18,1,-29,-18,1,0,,2,26,8,I have no idea.,38.35830688,-93.29720306,-1
R_0vsqtaa0XR90Lgl,Default Response Set,Anonymous,,,38.132.117.107,0,6/19/2018 9:02,6/19/2018 9:14,1,Anxious,1,A1KEAHVVML6319,2,19.626,23.994,25.599,2,1,,,,,,,,,,,,,1,1,17.052,379.683,476.683,12,1,12,18,1,14,11,1,15,15,1,13,9,1,18,17,1,12,10,1,2,20,1,13,15,1,14,14,1,12,12,1,24,8,1,13,20,1,0,,6,30,6,rating images and photos,37.75100708,-97.8219986,-1
R_1QaOTlXZkBAcmDJ,Default Response Set,Anonymous,,,213.55.105.81,0,6/19/2018 9:01,6/19/2018 9:15,1,Anxious,1,A1IDHLHIVKMT8D,2,19.229,32.992,35.213,6,1,,,,,,,,,,,,,1,1,0,0,0,0,1,-24,-22,1,-22,-13,1,-14,-26,1,-75,-58,1,-39,-41,1,-5,-12,1,-29,-70,1,-21,-10,1,-29,-37,1,-41,-35,1,-55,-57,1,-8,-8,1,0,,2,34,18,To see the corelation between negetavie emoitons and energy.,10.06669617,34.53329468,-1
R_3gTrr6P4SzETdgK,Default Response Set,Anonymous,,,108.21.226.133,0,6/19/2018 9:10,6/19/2018 9:15,1,Neutral,1,A290OV59Q76QC8,2,5.827,5.827,7.464,1,1,,,,,,,1,1,5.027,13.898,100.143,2,,,,,,,1,-92,55,1,-84,23,1,-47,1,1,-97,-38,1,-60,23,1,-37,1,1,-61,96,1,-63,47,1,-19,-18,1,-81,66,1,-90,67,1,-28,-14,1,0,,1,27,4,Emotions,40.90829468,-73.83460236,-1
R_30l7eYmgHnYiIUJ,Default Response Set,Anonymous,,,68.51.73.81,0,6/19/2018 9:09,6/19/2018 9:15,1,Anxious,1,A2YUCJ28XANFOX,2,8.934,13.722,18.093,2,1,,,,,,,,,,,,,1,1,0,0,249.459,0,1,-100,-100,1,-100,40,1,-100,-40,1,-100,60,1,-100,0,1,-100,20,1,-100,100,1,-100,-42,1,-100,-20,1,-100,60,1,-100,40,1,-100,22,1,1,,2,33,12,totally unsure,40.4223938,-86.80310059,-1
R_p9G0clR1mwTujrb,Default Response Set,Anonymous,,,162.245.106.150,0,6/19/2018 9:12,6/19/2018 9:15,1,Neutral,1,A1QRGVE005067Q,2,2.35,21.52,22.654,2,1,,,,,,,1,1,0,0,98.154,0,,,,,,,1,-53,18,1,-48,38,1,-34,-47,1,-30,-53,1,-34,30,1,-32,3,1,-18,54,1,-83,80,1,1,-37,1,-63,59,1,-63,63,1,1,-22,1,0,,3,29,14,,37.00309753,-91.96589661,-1
R_3CZ32wB2sHpEiuh,Default Response Set,Anonymous,,,104.48.141.25,0,6/19/2018 9:12,6/19/2018 9:16,1,Neutral,1,A3MTARDZ80DNV8,2,5.282,5.282,8.336,1,1,,,,,,,1,1,8.757,8.757,99.693,1,,,,,,,1,-34,-59,1,-66,16,1,-11,-25,1,-77,-85,1,-49,28,1,-24,-39,1,-19,51,1,-60,27,1,7,8,1,-45,-3,1,10,29,1,-36,-72,1,1,,5,36,12,Measure how we reacted to the photos based on which video we saw. ,32.82659912,-96.74669647,-1
R_3QNShX7wiOQp1Qd,Default Response Set,Anonymous,,,73.124.28.167,0,6/19/2018 9:09,6/19/2018 9:17,1,Anger,1,AHKRGPN5D3I2G,2,4.155,4.783,16.31,4,1,1,1,7.129,164.04,165.466,3,,,,,,,,,,,,,1,-24,-20,1,-31,58,1,1,1,1,-14,44,1,21,25,1,3,-60,1,-3,1,1,-81,72,1,3,1,1,-39,29,1,-17,27,1,3,5,1,0,,3,27,5,Racism in workplace by customers,25.89039612,-80.23919678,-1
R_3kMvVJO71nA1bS4,Default Response Set,Anonymous,,,76.232.206.26,0,6/19/2018 9:12,6/19/2018 9:17,1,Anger,1,A10ECDDI2BYH3K,2,1.943,4.415,7.512,2,1,1,1,10.208,10.208,161.007,1,,,,,,,,,,,,,1,-22,-53,1,-32,-22,1,-12,-15,1,-18,-32,1,-38,-47,1,-34,-62,1,-17,-16,1,-75,-82,1,10,13,1,-21,-22,1,-58,-71,1,-11,-9,1,1,,3,32,11,I have no clue,33.96800232,-117.319397,-1
R_ZlACVZaXYqN1qnv,Default Response Set,Anonymous,,,107.175.95.102,0,6/19/2018 9:10,6/19/2018 9:17,1,Anger,1,A16U1C9MF61O1R,2,12.994,111.092,115.107,6,1,1,1,0,0,132.505,0,,,,,,,,,,,,,1,41,50,1,19,45,1,43,71,1,63,55,1,46,49,1,28,43,1,55,64,1,19,32,1,47,41,1,48,70,1,59,56,1,43,57,1,0,,5,30,5,nice,42.88639832,-78.87809753,-1
R_ufB590lcZEljSaB,Default Response Set,Anonymous,,,198.255.236.232,0,6/19/2018 9:06,6/19/2018 9:17,1,Anger,1,AEI5USUUPBU2G,2,3.164,3.164,12.586,1,1,1,1,89.597,89.597,179.048,1,,,,,,,,,,,,,1,-60,7,1,-38,-5,1,-5,-50,1,-5,-41,1,-51,-20,1,-15,-34,1,-30,59,1,-24,15,1,-20,-35,1,-31,40,1,-39,13,1,-50,-30,1,1,,5,33,7,I'm not sure.,43.65890503,-70.2614975,-1
R_2B9wVP5moqym3S4,Default Response Set,Anonymous,,,68.50.26.34,0,6/19/2018 9:11,6/19/2018 9:18,1,Anxious,1,A4UIXESOEZI05,2,3.267,14.109,15.969,4,1,,,,,,,,,,,,,1,1,10.204,10.204,249.256,1,1,-86,-90,1,-78,-54,1,-10,-29,1,-53,-58,1,-71,-78,1,-48,-69,1,-72,-68,1,-87,-79,1,1,-7,1,-54,-63,1,-47,-66,1,-16,-50,1,1,,5,27,9,I honestly have no idea.,39.07899475,-86.61750031,-1
R_3KTKBtMuQsQ1rwK,Default Response Set,Anonymous,,,104.168.52.15,0,6/19/2018 9:09,6/19/2018 9:18,1,Anxious,1,A2SSTHMYQU3ITB,2,4.251,47.072,49.626,6,1,,,,,,,,,,,,,1,1,20.626,113.007,245.722,12,1,16,-3,1,28,-37,1,15,-7,1,23,21,1,-10,10,1,-12,-9,1,-45,-17,1,-49,-26,1,18,33,1,7,-9,1,19,9,1,8,-43,1,0,,4,69,35,study is main part of our life,42.88639832,-78.87809753,-1
R_1OHPCkFx7q9R52u,Default Response Set,Anonymous,,,98.4.26.222,0,6/19/2018 9:11,6/19/2018 9:18,1,Anxious,1,AMNRYECHXZY34,2,13.678,13.678,16.016,1,1,,,,,,,,,,,,,1,1,4.183,185.632,249.199,2,1,-59,-3,1,-61,18,1,-32,-13,1,-7,1,1,-35,-26,1,-24,-34,1,-58,74,1,-89,29,1,-7,-49,1,-51,52,1,-35,15,1,-22,-3,1,0,,5,33,16,to gauge if a tense video impacts people's moods,43.1750946,-78.7378006,-1
R_28GvTJgroWHIJ2V,Default Response Set,Anonymous,,,112.202.174.11,0,6/19/2018 9:04,6/19/2018 9:18,1,Anxious,1,A1341FGE92VIZW,2,5.026,11.062,17.24,4,1,,,,,,,,,,,,,1,1,0,0,631.922,0,1,-100,40,1,-100,50,1,20,15,1,-20,30,1,-90,70,1,-40,-80,1,-40,30,1,-80,60,1,-15,5,1,-30,35,1,-60,40,1,-15,-20,1,0,,5,26,4,how a video or photo affected my mood,14.64920044,120.982605,-1
R_2v2C4ajNnmmGfpL,Default Response Set,Anonymous,,,73.171.223.52,0,6/19/2018 9:14,6/19/2018 9:19,1,Neutral,1,A1JV64BL3WCK0G,2,12.415,12.415,17.132,1,1,,,,,,,1,1,0,0,100.164,0,,,,,,,1,-26,16,1,-53,17,1,-1,9,1,-37,17,1,-32,20,1,-2,-49,1,-30,54,1,-33,32,1,1,1,1,-9,34,1,-48,33,1,-47,25,1,1,,2,39,6,How people see others' emotions?,30.16720581,-81.77149963,-1
R_21cubn5SqNjJtux,Default Response Set,Anonymous,,,174.65.81.86,0,6/19/2018 9:10,6/19/2018 9:19,1,Anger,1,A2VRDE2FHCBMF8,2,5.64,5.64,8.398,1,1,1,1,0,0,246.099,0,,,,,,,,,,,,,1,1,-5,1,-44,20,1,0,-4,1,-27,-32,1,-36,16,1,-17,-11,1,-28,-15,1,-14,19,1,1,9,1,-26,-19,1,-30,19,1,1,-7,1,0,,2,39,15,I didn't understand what you're studying,32.84049988,-116.8796997,-1
R_1QN73K8FAwu2qhi,Default Response Set,Anonymous,,,67.181.212.84,0,6/19/2018 9:13,6/19/2018 9:20,1,Anger,1,AJDXSXAWDDAEO,2,69.177,69.177,71.832,1,1,1,1,16.459,35.65,196.58,15,,,,,,,,,,,,,1,-13,-9,1,-12,22,1,21,18,1,4,12,1,-37,-44,1,11,-33,1,38,45,1,-15,-11,1,8,-5,1,-23,39,1,-30,-24,1,-27,-28,1,0,,1,30,10,i have no idea ,36.74110413,-119.7499008,-1
R_tKHbzXhQR6DTLLb,Default Response Set,Anonymous,,,198.12.95.21,0,6/19/2018 9:07,6/19/2018 9:20,1,Anxious,1,A27EIUC6R63WY7,2,3.694,323.989,326.249,10,1,,,,,,,,,,,,,1,1,268.018,268.018,270.28,1,1,57,66,1,60,58,1,45,52,1,50,66,1,67,66,1,53,63,1,65,61,1,61,66,1,54,69,1,48,61,1,59,79,1,69,58,1,0,,6,30,5,very nice ,34.0493927,-118.2640991,-1
R_12a3nh2gvaWi1e9,Default Response Set,Anonymous,,,24.163.96.64,0,6/19/2018 9:12,6/19/2018 9:20,1,Anxious,1,A2IQ0QCTQ3KWLT,2,5.413,5.413,6.545,1,1,,,,,,,,,,,,,1,1,7.032,48.129,268.063,2,1,-89,-78,1,-74,-82,1,-39,9,1,22,26,1,-39,-43,1,18,-9,1,-28,30,1,-73,17,1,-1,-14,1,-53,47,1,-42,9,1,14,-20,1,1,,2,47,15,not sure,35.54460144,-78.8309021,-1
R_25RYxTqMqFG0UdJ,Default Response Set,Anonymous,,,71.8.86.183,0,6/19/2018 9:12,6/19/2018 9:20,1,Anger,1,A3L2UB07EZJAMD,2,10.907,10.907,27.182,1,1,1,1,0,0,169.94,0,,,,,,,,,,,,,1,-35,55,1,-66,76,1,0,-10,1,-8,15,1,-15,30,1,0,-20,1,-50,80,1,-45,66,1,0,10,1,-20,40,1,-16,5,1,-10,20,1,0,,2,49,30,Studying how people judge facial expressions and assess social cues. ,33.2507019,-86.9210968,-1
R_3kdY7kohENL5OVy,Default Response Set,Anonymous,,,70.171.84.177,0,6/19/2018 9:12,6/19/2018 9:21,1,Anger,1,A29CG3KIKPKPBB,2,7.115,11.293,12.241,2,1,1,1,155.464,159.647,160.794,3,,,,,,,,,,,,,1,-26,45,1,-17,86,1,-17,29,1,-4,-9,1,-18,56,1,100,100,1,-25,54,1,-71,74,1,25,-3,1,-20,41,1,-90,62,1,-8,38,1,1,,6,30,5,not sure,29.98379517,-90.16829681,-1
R_1pYeUU3ozz8FumW,Default Response Set,Anonymous,,,75.141.121.95,0,6/19/2018 9:18,6/19/2018 9:21,1,Neutral,1,A2WCDQDLMC6J72,2,1.113,2.099,4.301,2,1,,,,,,,1,1,9.238,43.488,113.818,2,,,,,,,1,-31,-53,1,-67,-74,1,-19,-20,1,-5,-5,1,-14,-21,1,-5,-6,1,-30,-22,1,-69,-75,1,1,3,1,-17,-18,1,-42,-41,1,-1,1,1,0,,4,36,18,I am not sure,33.89990234,-117.4404984,-1
R_3QMdb8eJnZ4q6FR,Default Response Set,Anonymous,,,73.194.199.39,0,6/19/2018 9:14,6/19/2018 9:22,1,Anxious,1,A3L0DCUXI7X3A9,2,11.789,11.789,29.484,1,1,,,,,,,,,,,,,1,1,0,0,246.665,0,1,-22,9,1,-41,12,1,12,20,1,-14,-33,1,-50,12,1,-9,-9,1,-12,9,1,-20,29,1,16,20,1,-41,20,1,-52,-10,1,9,19,1,0,,3,45,22,To understand emotion.,39.76460266,-74.28780365,-1
R_3D0icGYXW8FexAp,Default Response Set,Anonymous,,,107.175.34.157,0,6/19/2018 9:16,6/19/2018 9:22,1,Neutral,1,A3BWF4LL3X9V22,2,14.2,14.2,16.483,1,1,,,,,,,1,1,0,0,121.18,0,,,,,,,1,-20,57,1,14,30,1,51,32,1,8,49,1,-20,31,1,29,-10,1,61,27,1,64,3,1,33,-13,1,60,42,1,26,17,1,28,-29,1,1,,4,29,10,it is very helpful and study method is very easy,42.88639832,-78.87809753,-1
R_1hxPC4AQUmAKURX,Default Response Set,Anonymous,,,173.239.199.151,0,6/19/2018 9:15,6/19/2018 9:22,1,Anxious,1,A37N4JY3863YH0,2,5.596,8.26,11.625,2,1,,,,,,,,,,,,,1,1,0,0,255.367,0,1,-34,-16,1,-16,27,1,2,8,1,30,31,1,-15,9,1,15,32,1,-17,-25,1,-54,-32,1,14,19,1,-19,29,1,2,35,1,28,25,1,0,,5,25,5,idk,40.74319458,-75.22419739,-1
R_2Qg0sgtGCQGkcEF,Default Response Set,Anonymous,,,69.247.72.26,0,6/19/2018 9:16,6/19/2018 9:22,1,Anxious,1,A31BO9NWS3PW78,2,4.63,7.152,8.786,2,1,,,,,,,,,,,,,1,1,0,0,269.01,0,1,-21,12,1,-6,-3,1,-21,-31,1,-26,12,1,-5,18,1,-65,-60,1,-7,38,1,-74,10,1,1,22,1,-5,24,1,-9,-7,1,-37,-64,1,0,,5,28,10,not sure,35.0440979,-106.8904037,-1
R_2xEHcnVCm5Ti7VK,Default Response Set,Anonymous,,,41.90.223.3,0,6/19/2018 9:15,6/19/2018 9:23,1,Anger,1,A2UUKFTD0VUX2S,2,52.163,57.279,65.955,2,1,1,1,12.345,12.345,173.561,1,,,,,,,,,,,,,1,-40,-13,1,-92,-89,1,-60,-12,1,-21,-19,1,-80,-52,1,-82,-23,1,-58,-20,1,-78,-13,1,82,83,1,-87,-18,1,-61,-18,1,0,83,1,0,,4,32,11,The survey focused on positive and negative energy people give,-1.283294678,36.81669617,-1
R_2ahSY4xPL4J9Ruc,Default Response Set,Anonymous,,,107.173.51.10,0,6/19/2018 9:16,6/19/2018 9:23,1,Neutral,1,A1EV3I7ILPDJ5H,2,2.663,24.566,47.001,3,1,,,,,,,1,1,101.114,101.114,102.802,1,,,,,,,1,75,83,1,84,82,1,78,86,1,88,88,1,78,88,1,86,86,1,91,94,1,80,87,1,85,94,1,85,89,1,82,87,1,93,78,1,0,,5,30,5,very nice ,42.88639832,-78.87809753,-1
R_7aGPxet54b31Bv3,Default Response Set,Anonymous,,,192.3.1.147,0,6/19/2018 9:16,6/19/2018 9:23,1,Anger,1,A1WZG14RY8CSOF,2,3.406,28.19,29.825,5,1,1,1,0,0,188.186,0,,,,,,,,,,,,,1,6,7,1,-22,-18,1,11,9,1,7,6,1,-22,14,1,-5,-5,1,-19,-10,1,-6,-9,1,8,15,1,14,12,1,-11,-16,1,5,18,1,0,,5,32,2,video,42.88639832,-78.87809753,-1
R_2q9IFZY81KfKrfZ,Default Response Set,Anonymous,,,74.101.106.108,0,6/19/2018 9:16,6/19/2018 9:24,1,Anxious,1,A39C210BKD7YNN,2,15.268,15.268,16.589,1,1,,,,,,,,,,,,,1,1,3.354,3.354,249.931,1,1,-73,-55,1,-83,25,1,-81,-83,1,-56,-86,1,-16,11,1,-86,-90,1,-89,65,1,-100,21,1,38,1,1,-21,35,1,-35,12,1,-17,-61,1,1,,5,48,30,To find out how our emotions change after watching a suspenseful movie.  ,40.58999634,-73.64459991,-1
R_8DrjmJzodoRLLY5,Default Response Set,Anonymous,,,185.244.215.241,0,6/19/2018 9:19,6/19/2018 9:25,1,Neutral,1,A1E25VG5MGHBVI,2,5.07,67.79,70.314,7,1,,,,,,,1,1,20.107,23.521,105.043,3,,,,,,,1,11,26,1,-4,11,1,-5,27,1,35,50,1,29,38,1,36,-2,1,6,5,1,-7,16,1,51,44,1,5,12,1,37,51,1,30,14,1,0,,6,28,5,its our experience about the knowldge,40.72140503,-74.00520325,-1
R_PYZ5098aMOxicF3,Default Response Set,Anonymous,,,73.35.191.218,0,6/19/2018 9:19,6/19/2018 9:26,1,Anger,1,A38C75ASWQXR5,2,10.699,10.723,12.127,2,1,1,1,4.376,54.755,131.667,11,,,,,,,,,,,,,1,-80,-83,1,-98,65,1,19,49,1,79,-76,1,-100,-85,1,-88,63,1,-43,36,1,-100,61,1,62,68,1,-10,-13,1,-100,14,1,11,-41,1,0,,2,39,22,Facial cues,47.66360474,-122.3804016,-1
R_r8yixOFviKAEwHT,Default Response Set,Anonymous,,,162.198.201.8,0,6/19/2018 9:19,6/19/2018 9:26,1,Neutral,1,AA4KKLIU4C3NY,2,17.751,17.751,20.889,1,1,,,,,,,1,1,0,0,104.893,0,,,,,,,1,-80,-19,1,-41,-17,1,-50,-23,1,21,24,1,-53,-13,1,29,16,1,-65,-14,1,-86,-27,1,-45,-20,1,-39,-23,1,-38,-16,1,-19,15,1,0,,5,42,12,Not sure.,35.96659851,-79.04100037,-1
R_2uK9YxGlUaFHUE1,Default Response Set,Anonymous,,,96.249.250.200,0,6/19/2018 9:21,6/19/2018 9:27,1,Anxious,1,AWXIEV9H6KT9E,2,1.668,4.72,6.11,2,1,,,,,,,,,,,,,1,1,7.015,7.015,247.272,1,1,-10,-21,1,-5,-8,1,5,6,1,-14,-17,1,-22,-21,1,16,11,1,-13,-17,1,-15,-13,1,2,5,1,2,2,1,-31,-26,1,2,2,1,1,,4,25,8,,37.06269836,-76.40519714,-1
R_3ZW4OtloBL1uLK1,Default Response Set,Anonymous,,,142.196.37.110,0,6/19/2018 9:17,6/19/2018 9:27,1,Anxious,1,A29I0O9V6N1CY,2,40.102,40.102,41.399,1,1,,,,,,,,,,,,,1,1,1.747,12.424,257.028,5,1,-20,20,1,-20,15,1,0,0,1,-40,30,1,-35,25,1,-20,10,1,-30,25,1,-70,30,1,0,0,1,-20,25,1,-50,20,1,-5,-10,1,0,,3,40,18,emotion perceptions,28.53410339,-81.16470337,-1
R_dmwfbwyHZPP3MFX,Default Response Set,Anonymous,,,122.164.226.120,0,6/19/2018 9:22,6/19/2018 9:27,1,Anger,1,A321YWMP74ULKH,2,2.254,15.097,20.104,5,1,1,1,20.597,22.886,127.375,2,,,,,,,,,,,,,1,53,39,1,67,46,1,63,46,1,66,40,1,63,38,1,56,35,1,63,43,1,47,27,1,61,37,1,50,31,1,54,31,1,41,33,1,1,,5,29,4,It is for rating the photos for posses the survey.,9.966705322,76.23330688,-1
R_1eFWR0kKuLvSUH9,Default Response Set,Anonymous,,,107.175.81.234,0,6/19/2018 9:19,6/19/2018 9:27,1,Anxious,1,A37L4Q4EUV2X9B,2,2.408,18.373,19.754,2,1,,,,,,,,,,,,,1,1,175.622,175.622,308.928,1,1,100,76,1,89,70,1,80,64,1,84,66,1,76,64,1,99,78,1,82,63,1,97,86,1,93,82,1,83,67,1,86,67,1,100,71,1,0,,6,30,3,very nice,42.88639832,-78.87809753,-1
R_bq6aeW6sa4DZ7UJ,Default Response Set,Anonymous,,,108.29.206.144,0,6/19/2018 9:16,6/19/2018 9:28,1,Anger,1,AJWES6SFIP3AT,2,128.702,136.864,137.831,3,1,1,1,8.658,114.638,309.004,2,,,,,,,,,,,,,1,-89,-94,1,-70,-88,1,-77,-69,1,-49,37,1,-65,15,1,-42,-57,1,-69,44,1,-94,45,1,-2,1,1,-51,69,1,-74,39,1,-2,2,1,0,,4,34,16,"Judging faces after a video. For what, I don't know.",40.75059509,-73.82039642,-1
R_2S0jVe0Bvmclg7A,Default Response Set,Anonymous,,,67.49.56.97,0,6/19/2018 9:16,6/19/2018 9:28,1,Anger,1,A2EA2PN47ZWILX,2,182.109,189.493,193.537,2,1,1,1,300.379,300.379,302.188,1,,,,,,,,,,,,,1,-41,26,1,-48,-29,1,5,9,1,-16,-10,1,-14,11,1,2,5,1,-41,-16,1,-29,-30,1,11,-16,1,-42,23,1,-41,-8,1,-34,-19,1,1,,6,41,22,I'm not fully certain,34.15370178,-116.4188995,-1
R_qDwdYeJP2AQmmFb,Default Response Set,Anonymous,,,74.99.186.179,0,6/19/2018 9:22,6/19/2018 9:28,1,Anxious,1,A3RIBFIB7C8D20,2,3.636,7.287,9.342,2,1,,,,,,,,,,,,,1,1,180.631,180.631,245.066,1,1,-64,25,1,-31,25,1,-18,-60,1,-16,-60,1,-28,-20,1,1,-20,1,-39,27,1,-43,22,1,1,-5,1,-20,24,1,-59,24,1,1,-39,1,1,,2,24,5,I'm not sure,40.18139648,-76.99690247,-1
R_XmIYT44bqyybvdT,Default Response Set,Anonymous,,,172.245.185.101,0,6/19/2018 9:22,6/19/2018 9:30,1,Anxious,1,A1QSHSE9O4MIUP,2,33.718,71.306,73.836,3,1,,,,,,,,,,,,,1,1,185.883,185.883,256.075,1,1,61,67,1,72,71,1,79,73,1,76,72,1,65,66,1,72,67,1,57,57,1,50,55,1,73,81,1,62,67,1,67,74,1,51,41,1,0,,5,29,4,mountain climbing,42.88639832,-78.87809753,-1
R_40YZqBJ0hztjFM5,Default Response Set,Anonymous,,,104.129.131.154,0,6/19/2018 9:21,6/19/2018 9:31,1,Anger,1,A3CQ41B74ODWUP,2,2.298,10.479,30.045,2,1,1,1,0,0,211.673,0,,,,,,,,,,,,,1,60,22,1,33,-9,1,13,9,1,-3,11,1,62,35,1,43,54,1,34,-8,1,13,-4,1,-20,17,1,12,-24,1,58,18,1,53,-12,1,0,,5,58,10,improve the knowledge,33.02000427,-96.74189758,-1
R_1C30t01BJ7DxpTA,Default Response Set,Anonymous,,,197.211.63.158,0,6/19/2018 9:12,6/19/2018 9:31,1,Neutral,1,ASMEIXETQPZV2,2,97.248,101.393,103.39,2,1,,,,,,,1,1,29.288,505.203,595.173,3,,,,,,,1,-20,-20,1,-20,-20,1,0,0,1,-20,-60,1,20,25,1,0,0,1,-40,-40,1,-60,-60,1,0,0,1,-40,-60,1,-20,-20,1,-10,-20,1,0,,5,26,5,i dont really know,6.453094482,3.395797729,-1
R_pnsxwWQ1y0hXaoN,Default Response Set,Anonymous,,,73.182.224.118,0,6/19/2018 9:23,6/19/2018 9:32,1,Neutral,1,A1TARNH07A75CG,2,2.748,3.935,5.17,2,1,,,,,,,1,1,0,0,410.911,0,,,,,,,1,-14,13,1,-55,40,1,23,-21,1,-1,2,1,3,3,1,2,41,1,-27,64,1,-100,53,1,2,-58,1,-60,35,1,-17,23,1,2,-39,1,0,,4,27,5,I don't know ,41.30940247,-72.9240036,-1
R_2zYHW3sPAxdC7A4,Default Response Set,Anonymous,,,104.228.125.10,0,6/19/2018 9:25,6/19/2018 9:32,1,Anger,1,AXJ1PE87PD0KK,2,16.121,16.121,19.525,1,1,1,1,0,0,161.903,0,,,,,,,,,,,,,1,-29,-21,1,-21,18,1,0,-9,1,0,-31,1,-17,-5,1,0,-33,1,-35,46,1,-25,2,1,0,-10,1,0,21,1,-42,24,1,0,-30,1,1,,6,28,5,How people react to different videos,42.48669434,-75.03970337,-1
R_3hrJd7Q3Rty6ZII,Default Response Set,Anonymous,,,97.103.27.167,0,6/19/2018 9:25,6/19/2018 9:32,1,Anger,1,A2FE6HDHREXIJ5,2,23.057,23.057,33.676,1,1,1,1,0,0,161.423,0,,,,,,,,,,,,,1,-39,-53,1,-40,-18,1,3,12,1,-21,-20,1,-21,-12,1,17,21,1,-32,-33,1,-43,-9,1,39,20,1,-13,-41,1,-23,-38,1,5,9,1,1,,2,35,15,I really have no idea.,28.88409424,-81.23480225,-1
R_2f3ye3hRQYxB8Se,Default Response Set,Anonymous,,,167.160.123.69,0,6/19/2018 9:25,6/19/2018 9:32,1,Neutral,1,A1NLJ1L4VCQYV2,2,73.564,73.564,126.937,1,1,,,,,,,1,1,34.145,42.719,100.773,4,,,,,,,1,-24,-29,1,-31,34,1,0,0,1,-71,-50,1,-66,38,1,-1,1,1,-97,30,1,-87,21,1,-61,-80,1,-5,5,1,-88,-34,1,0,0,1,0,,1,36,16,Judging emotions via facial expressions,32.29119873,-90.18440247,-1
R_W7CGJbBZPPQcMoh,Default Response Set,Anonymous,,,122.164.226.120,0,6/19/2018 9:26,6/19/2018 9:32,1,Anger,1,A2QIZ31TMHU0GD,2,7.729,51.779,53.843,5,1,1,1,0,0,115.917,0,,,,,,,,,,,,,1,-10,14,1,15,30,1,8,22,1,20,21,1,-6,14,1,22,24,1,28,20,1,32,23,1,22,20,1,34,25,1,33,29,1,21,-15,1,0,,5,29,4,"I LIKE THE PHOTOS RATINGS, AND ALSO ENJOYED THE AUDIO CHECK METHOD. GOOD SURVEY",9.966705322,76.23330688,-1
R_3nw775aWYt4lJ62,Default Response Set,Anonymous,,,68.35.27.130,0,6/19/2018 9:24,6/19/2018 9:32,1,Anxious,1,A4ZPIPBDO624H,2,5.139,7.884,42.597,2,1,,,,,,,,,,,,,1,1,0,0,250.888,0,1,-20,-20,1,-40,10,1,15,20,1,-20,20,1,-60,20,1,0,-20,1,-40,35,1,-60,-20,1,30,0,1,-30,20,1,-40,15,1,0,-40,1,0,,5,40,19,Rate facial expressions.,34.56219482,-86.51560211,-1
R_3q2dl7hlpcaMzXH,Default Response Set,Anonymous,,,173.2.201.11,0,6/19/2018 9:26,6/19/2018 9:33,1,Anxious,1,A3J2CI4J5V3MLP,2,10.632,10.632,14.371,1,1,,,,,,,,,,,,,1,1,0,0,244.685,0,1,-76,-8,1,-100,86,1,1,1,1,-22,69,1,-33,-36,1,-20,-69,1,-100,100,1,-100,75,1,1,1,1,-63,77,1,-38,68,1,-48,28,1,0,,5,31,4,I think it's about how a video can change reactions to pictures.,41.21180725,-73.97679901,-1
R_8bNzwCXfi0xfV7P,Default Response Set,Anonymous,,,173.244.48.105,0,6/19/2018 9:26,6/19/2018 9:33,1,Neutral,1,AVZOC3OGBQRX2,2,5.041,5.041,6.954,1,1,,,,,,,1,1,4.533,107.19,108.412,8,,,,,,,1,-50,-13,1,-32,45,1,1,0,1,-27,23,1,-16,23,1,-8,-53,1,-61,76,1,-61,56,1,0,0,1,-28,51,1,-27,20,1,1,-1,1,1,,6,37,20,not sure,34.05439758,-118.2440033,-1
R_STARTFPaYSPcgkV,Default Response Set,Anonymous,,,174.138.62.72,0,6/19/2018 9:20,6/19/2018 9:33,1,Neutral,1,ALTMSSCYKZS8Z,2,56.468,56.468,58.924,1,1,,,,,,,1,1,83.587,119.169,335.82,3,,,,,,,1,-62,-58,1,-83,-64,1,41,58,1,-20,-18,1,29,22,1,13,16,1,-42,-40,1,-38,-20,1,62,79,1,-38,-17,1,-11,-13,1,39,20,1,0,,6,70,40,faces and emotions,40.83259583,-74.13069916,-1
R_1ez9CZmFV9mj6yZ,Default Response Set,Anonymous,,,98.255.239.86,0,6/19/2018 9:23,6/19/2018 9:33,1,Neutral,1,A2LMQ4497NMK3S,2,9.738,9.738,11.735,1,1,,,,,,,1,1,0,0,100.027,0,,,,,,,1,-38,-30,1,-41,27,1,2,-67,1,8,21,1,13,14,1,-12,-80,1,-64,21,1,-72,57,1,0,-32,1,-35,25,1,-55,26,1,-25,-56,1,0,,5,36,15,Unsure.,37.32550049,-120.6367035,-1
R_bIosf0IZS034mZP,Default Response Set,Anonymous,,,67.242.137.219,0,6/19/2018 9:27,6/19/2018 9:36,1,Anxious,1,AQP4PHYDXRBPI,2,5.345,9.076,10.708,2,1,,,,,,,,,,,,,1,1,1.096,255.363,257.045,5,1,-41,21,1,-43,-49,1,13,18,1,-16,-13,1,-41,-32,1,-18,-24,1,-46,-12,1,-63,-45,1,-18,13,1,-28,-36,1,-49,-41,1,-47,-55,1,1,,3,26,11,to see our thoughts on emotion,43.25720215,-77.66819763,-1
R_3HOyHi53prAfhlZ,Default Response Set,Anonymous,,,132.147.20.195,0,6/19/2018 9:30,6/19/2018 9:36,1,Anxious,1,AK3H5QRAROFGP,2,6.723,6.723,10.071,1,1,,,,,,,,,,,,,1,1,102.644,252.023,256.326,3,1,-61,-20,1,-81,-41,1,-18,-59,1,-58,-80,1,-100,1,1,-81,-19,1,-62,42,1,-81,-2,1,-20,-61,1,-80,6,1,-82,20,1,-60,-37,1,0,,5,30,4,assessing faces,33.57159424,-81.84220123,-1
R_1oiPXCiRIsXrwd7,Default Response Set,Anonymous,,,66.189.73.255,0,6/19/2018 9:29,6/19/2018 9:37,1,Anger,1,3025,2,4.647,42.093,46.112,5,1,1,1,4.665,161.099,161.867,9,,,,,,,,,,,,,1,-69,16,1,-22,14,1,14,-9,1,-18,12,1,-5,48,1,1,-58,1,-24,33,1,-52,58,1,1,-36,1,25,71,1,-39,30,1,13,-41,1,0,,5,26,6,Influence of perception after watching a video,42.33859253,-71.85310364,-1
R_2AYHyC1IraknUza,Default Response Set,Anonymous,,,72.193.116.50,0,6/19/2018 9:30,6/19/2018 9:37,1,Neutral,1,A2T2H9I6P3DPD2,2,7.664,7.664,8.833,1,1,,,,,,,1,1,12.204,12.204,106.073,1,,,,,,,1,-71,-27,1,-92,33,1,-91,-76,1,-25,-17,1,-63,19,1,-28,4,1,-51,58,1,-57,17,1,-19,-30,1,-76,-26,1,-22,34,1,-50,-29,1,0,,2,21,3,no idea,35.98869324,-115.1134033,-1
R_QozS2lFoiLzs5qh,Default Response Set,Anonymous,,,74.110.207.57,0,6/19/2018 9:32,6/19/2018 9:38,1,Neutral,1,A1NMWUK6TZG333,2,5.329,5.329,29.723,1,1,,,,,,,1,1,0,0,97.697,0,,,,,,,1,-100,77,1,-77,77,1,0,-49,1,-38,66,1,-76,74,1,0,-66,1,-100,100,1,-89,59,1,0,0,1,-83,80,1,-100,100,1,0,-89,1,0,,3,33,4,To find how a video that is either emotionally neutral or that causes a particular emotional state affects the perception of various facial expressions.,37.44259644,-77.67199707,-1
R_30k7zJCr9OD26DY,Default Response Set,Anonymous,,,75.97.89.118,0,6/19/2018 9:32,6/19/2018 9:38,1,Neutral,1,AGJYT4WO2FOCC,2,74.68,74.68,76.907,1,1,,,,,,,1,1,2.569,7.702,98.867,3,,,,,,,1,-42,40,1,-87,67,1,-3,-47,1,-36,-64,1,-90,72,1,-1,-47,1,-29,30,1,-87,56,1,-2,-3,1,-28,28,1,-34,50,1,-6,-33,1,0,,5,32,10,To see how people view facial expressions.,41.05299377,-76.4701004,-1
R_22KWeYT3Pfp04xA,Default Response Set,Anonymous,,,75.97.176.197,0,6/19/2018 9:34,6/19/2018 9:39,1,Neutral,1,A1IWRYUOVXAB0Z,2,9.904,9.904,18.14,1,1,,,,,,,1,1,99.072,99.072,100.803,1,,,,,,,1,-66,18,1,-41,39,1,-39,-44,1,-2,-79,1,-37,22,1,1,-32,1,-64,29,1,-80,55,1,1,-35,1,-58,44,1,-63,59,1,-46,-46,1,0,,6,34,8,To determine how that video impacted our impression of the photos? No idea really but I'm just happy I got to listen to Attenborough speak. ,41.05299377,-76.4701004,-1
R_2zCTgesWuLFObxL,Default Response Set,Anonymous,,,73.189.147.24,0,6/19/2018 9:30,6/19/2018 9:39,1,Anger,1,APRZ7BR8C0ZMQ,2,20.307,26.175,27.808,2,1,1,1,35.791,35.791,167.032,1,,,,,,,,,,,,,1,-22,-11,1,-96,39,1,-15,14,1,-39,20,1,-88,-9,1,-36,22,1,-60,35,1,-22,-9,1,-11,13,1,31,43,1,-40,15,1,-41,-21,1,0,,5,65,47,To see if the scene from the video affected our perception of people in photos.,38.63189697,-122.8970947,-1
R_1ClqDlJWrUy0kjL,Default Response Set,Anonymous,,,97.82.209.109,0,6/19/2018 9:37,6/19/2018 9:40,1,Neutral,1,A2JCK494NV7TFX,2,11.904,11.904,18.855,1,1,,,,,,,1,1,0,0,98.815,0,,,,,,,1,-53,-13,1,-11,14,1,-8,-77,1,-21,34,1,-9,28,1,-22,12,1,-59,71,1,-63,54,1,5,1,1,-20,50,1,-44,56,1,-29,-62,1,0,,6,35,9,judginf facial expressions?,34.90109253,-82.2661972,-1
R_1H1CX0Hb2yQTNWa,Default Response Set,Anonymous,,,98.235.106.12,0,6/19/2018 9:36,6/19/2018 9:40,1,Anger,1,A110KENBXU7SUJ,2,4.088,4.088,6.107,1,1,1,1,0,0,161.338,0,,,,,,,,,,,,,1,-76,-64,1,-80,-28,1,-10,-4,1,6,-4,1,-81,-17,1,-1,-3,1,-84,-18,1,-96,7,1,7,-20,1,-63,39,1,-99,-49,1,-77,-15,1,0,,2,45,20,no idea whatsoever,40.30839539,-76.69539642,-1
R_2rYZYyKFW3xJnyW,Default Response Set,Anonymous,,,157.48.92.10,0,6/19/2018 9:29,6/19/2018 9:41,1,Anxious,1,A7HO8U70MUTUG,2,11.203,149.429,156.132,4,1,,,,,,,,,,,,,1,1,6.559,64.428,463.5,8,1,87,69,1,72,73,1,78,75,1,67,72,1,67,77,1,73,67,1,77,74,1,86,71,1,82,77,1,87,78,1,84,67,1,91,75,1,1,,4,27,4,good,17.37530518,78.47439575,-1
R_yX8VjkMEoeM5Bbb,Default Response Set,Anonymous,,,184.54.162.34,0,6/19/2018 9:33,6/19/2018 9:41,1,Anger,1,A34DR0CVUBDL1N,2,43.908,43.908,53.663,1,1,1,1,167.817,167.817,168.471,1,,,,,,,,,,,,,1,-37,17,1,-60,54,1,52,-73,1,-9,-49,1,-59,19,1,11,-76,1,-47,49,1,-61,40,1,0,-100,1,20,-19,1,-24,-28,1,-20,-82,1,1,,5,37,7,I think the purpose was to see if I would rate faces more negatively after watching a negative video?,39.05740356,-84.33999634,-1
R_Om3slVHfLattR2F,Default Response Set,Anonymous,,,71.86.170.186,0,6/19/2018 9:34,6/19/2018 9:41,1,Anxious,1,AE608VRXK6M2E,2,3.411,7.249,13.274,2,1,,,,,,,,,,,,,1,1,224.261,253.678,257.535,4,1,-49,29,1,-84,58,1,-22,-53,1,-76,-36,1,13,51,1,-27,-39,1,-65,73,1,-90,18,1,18,-22,1,-51,68,1,-66,65,1,-27,35,1,0,,5,30,10,i am not sure,43.11599731,-88.51909637,-1
R_3J3kCvCSt27MQDG,Default Response Set,Anonymous,,,104.129.196.80,0,6/19/2018 9:35,6/19/2018 9:41,1,Anger,1,A114INA2S32A8L,2,10.304,12.194,13.287,2,1,1,1,0,0,162.167,0,,,,,,,,,,,,,1,-20,20,1,-100,60,1,-40,-60,1,0,-20,1,-50,20,1,-60,20,1,-40,60,1,-60,40,1,-20,-40,1,-50,40,1,-60,20,1,-20,20,1,0,,2,51,36,To see if watching a negative video negatively impacted the ratings of individual's photos.,38.57829285,-90.66660309,-1
R_1P4XZUVeUYAyFue,Default Response Set,Anonymous,,,71.229.155.164,0,6/19/2018 9:37,6/19/2018 9:41,1,Neutral,1,A1S6C6EN8MPKC3,2,4.339,4.339,6.463,1,1,,,,,,,1,1,100.74,100.74,102.779,1,,,,,,,1,-40,-33,1,-18,1,1,-18,-11,1,0,19,1,-20,-3,1,12,-62,1,-34,54,1,-37,-12,1,27,35,1,-16,19,1,-17,-10,1,-10,-51,1,0,,2,50,31,not entire sure,39.72900391,-104.9527969,-1
R_3kKX7l7MZS59ak5,Default Response Set,Anonymous,,,198.55.125.212,0,6/19/2018 9:34,6/19/2018 9:43,1,Anxious,1,A2T3CUOWE8D4OE,2,9.103,73.086,75.563,3,1,,,,,,,,,,,,,1,1,0,0,342.512,0,1,-66,-60,1,-85,-59,1,-59,-62,1,-38,-89,1,-83,-59,1,-66,-80,1,-37,-18,1,-100,-44,1,-43,-43,1,-67,-65,1,-63,-43,1,-84,-60,1,1,,6,28,6,ABOUT FACE REACTION,32.81480408,-96.87049866,-1
R_1GN96OXectLweUz,Default Response Set,Anonymous,,,216.110.214.42,0,6/19/2018 9:02,6/19/2018 9:43,1,Anxious,1,A320QA9HJFUOZO,2,2.453,4.033,6.681,2,1,,,,,,,,,,,,,1,1,2.557,3.849,257.451,2,1,-59,-10,1,-81,-11,1,-9,-29,1,-7,-39,1,-72,1,1,-8,-47,1,-42,50,1,-72,-40,1,-2,-87,1,-32,55,1,-10,18,1,-5,-45,1,0,,5,31,6,measuring perceptions and experiences,44.83140564,-123.2033997,-1
R_viriHGmApk2uwJb,Default Response Set,Anonymous,,,108.213.140.246,0,6/19/2018 9:36,6/19/2018 9:43,1,Anxious,1,A3F51C49T9A34D,2,4.581,4.581,9.912,1,1,,,,,,,,,,,,,1,1,260.861,260.861,262.188,1,1,-62,-61,1,-71,-70,1,-61,-61,1,-31,-28,1,-59,-52,1,-62,-62,1,-61,-60,1,-62,-63,1,39,40,1,-61,-61,1,-43,-41,1,-61,-61,1,0,,6,52,25,perception,29.86880493,-95.53800201,-1
R_1r6c6sE145wm9Yt,Default Response Set,Anonymous,,,24.46.117.154,0,6/19/2018 9:41,6/19/2018 9:43,1,Neutral,1,ABL3H3O3BI8ZD,2,1.886,5.608,6.47,4,1,,,,,,,1,1,0,0,100.011,0,,,,,,,1,22,52,1,33,-18,1,26,60,1,41,22,1,59,32,1,38,51,1,54,76,1,21,48,1,44,9,1,34,64,1,70,51,1,54,33,1,0,,5,27,5,Not really sure.,40.61000061,-73.91079712,-1
R_Pu0QcZp87y0iVr3,Default Response Set,Anonymous,,,66.68.172.240,0,6/19/2018 9:38,6/19/2018 9:45,1,Anger,1,A1OUUZSD5DD4ZN,2,4.222,13.377,23.449,2,1,1,1,71.175,71.175,119.895,1,,,,,,,,,,,,,1,-51,-41,1,-67,29,1,-14,-20,1,-20,-62,1,-41,14,1,-17,-36,1,-16,15,1,-76,40,1,24,-26,1,-40,-11,1,-44,-20,1,-33,-45,1,1,,3,45,30,Judging a book by it's cover after being shown a negative event.,29.98930359,-97.85720062,-1
R_RV8pWMfIjaMNYqJ,Default Response Set,Anonymous,,,64.62.197.52,0,6/19/2018 9:38,6/19/2018 9:46,1,Anxious,1,A2WKN97R9EXE6B,2,4.275,11.922,21.645,3,1,,,,,,,,,,,,,1,1,282.159,282.65,284.51,2,1,-17,-45,1,-50,-32,1,12,36,1,-28,-25,1,-55,-20,1,-28,-69,1,-48,-32,1,-26,-16,1,-19,9,1,-26,-15,1,-8,23,1,-52,73,1,1,,5,30,5,i can not tell,37.75100708,-97.8219986,-1
R_z8TOZdSNLF6SBoJ,Default Response Set,Anonymous,,,24.46.117.154,0,6/19/2018 9:40,6/19/2018 9:46,1,Anxious,1,A3JLE2LJ5I17E2,2,1.835,12.187,13.329,2,1,,,,,,,,,,,,,1,1,0,0,248.253,0,1,78,52,1,22,81,1,63,31,1,93,63,1,27,38,1,73,33,1,39,59,1,77,43,1,81,56,1,45,76,1,76,52,1,35,68,1,1,,4,32,7,Unsure,40.61000061,-73.91079712,-1
R_24P22VuJdrV1nwm,Default Response Set,Anonymous,,,40.142.171.67,0,6/19/2018 9:43,6/19/2018 9:46,1,Neutral,1,A3VZJ2T28HAQ2A,2,2.804,2.804,4.695,1,1,,,,,,,1,1,82.32,82.32,103.323,1,,,,,,,1,-57,-38,1,-18,19,1,20,29,1,20,33,1,-18,-9,1,-22,-21,1,-7,23,1,-31,-13,1,-42,20,1,59,23,1,-19,28,1,-21,35,1,1,,3,22,3,M/A,32.66119385,-83.78540039,-1
R_tLOpswavDpr83Ad,Default Response Set,Anonymous,,,67.245.216.203,0,6/19/2018 9:28,6/19/2018 9:47,1,Anger,1,A147F5PJTHOB8A,2,2.288,4.868,5.822,3,1,1,1,13.044,13.044,981.843,1,,,,,,,,,,,,,1,-85,-64,1,-82,-58,1,22,10,1,-14,37,1,-43,-23,1,1,1,1,-75,19,1,-61,-58,1,0,10,1,-31,-7,1,-79,-56,1,-19,-86,1,0,,2,41,21,How we perceive other people ,41.74890137,-74.44670105,-1
R_3mT2GOK8fE0Ndcd,Default Response Set,Anonymous,,,40.142.171.67,0,6/19/2018 9:43,6/19/2018 9:47,1,Anger,1,A2U5DWGXEAIWYE,2,1.288,1.288,3.642,1,1,1,1,0,0,188.818,0,,,,,,,,,,,,,1,9,-18,1,-7,3,1,-37,28,1,-34,-28,1,-23,13,1,-26,-26,1,-20,-31,1,-39,21,1,-19,-44,1,-25,-31,1,-20,-27,1,-25,-33,1,0,,4,28,4,,32.66119385,-83.78540039,-1
R_2B8xxY6gUzFuxkQ,Default Response Set,Anonymous,,,104.129.131.155,0,6/19/2018 9:41,6/19/2018 9:48,1,Anxious,1,A28LPPFS7FW2SD,2,2.555,4.584,5.995,2,1,,,,,,,,,,,,,1,1,0,0,301.89,0,1,45,65,1,53,32,1,49,31,1,68,27,1,79,34,1,66,30,1,66,37,1,75,28,1,64,41,1,49,32,1,53,43,1,43,56,1,0,,5,50,10,,33.02000427,-96.74189758,-1
R_1Oq56PJhsAhALvl,Default Response Set,Anonymous,,,98.239.45.6,0,6/19/2018 9:20,6/19/2018 9:48,1,Anger,1,AUAN582MLI96N,2,274.527,277.717,278.723,2,1,1,1,0,0,187.694,0,,,,,,,,,,,,,1,-41,51,1,-75,52,1,1,-18,1,-21,24,1,-59,53,1,5,-49,1,-32,56,1,-47,48,1,1,1,1,-44,56,1,-31,44,1,1,-53,1,0,,6,39,19,NOT SURE,32.25239563,-93.57589722,-1
R_1jjpg8hTmo3ZYYo,Default Response Set,Anonymous,,,108.194.200.239,0,6/19/2018 9:45,6/19/2018 9:50,1,Neutral,1,A1USR9JCAMDGM3,2,4.396,4.396,15.013,1,1,,,,,,,1,1,31.168,31.168,102.44,1,,,,,,,1,-15,22,1,-100,-99,1,45,25,1,-34,-32,1,-38,-60,1,-5,-31,1,-59,61,1,-88,-62,1,1,1,1,-37,-22,1,-97,-80,1,-17,-15,1,1,,2,32,6,Watching a video and then rating different photos.,29.54960632,-90.58879852,-1
R_1EdtJSoowIZ2n02,Default Response Set,Anonymous,,,173.79.25.3,0,6/19/2018 9:47,6/19/2018 9:53,1,Anxious,1,A3C0NQ2IP5FTZQ,2,2.564,3.973,5.092,2,1,,,,,,,,,,,,,1,1,14.537,217.894,246.333,12,1,-20,2,1,-58,22,1,-33,-22,1,2,-65,1,-42,-76,1,-1,-33,1,-36,27,1,-74,3,1,-7,2,1,-32,27,1,-73,40,1,-9,-56,1,0,,5,30,7,The purpose of the study is how people process visual information.,39.08920288,-77.1835022,-1
R_2Cs3vVLlgQTodos,Default Response Set,Anonymous,,,204.184.29.222,0,6/19/2018 9:43,6/19/2018 9:53,1,Anxious,1,A3NS1DN6J7Z3EU,2,15.397,15.397,16.415,1,1,,,,,,,,,,,,,1,1,103.562,248.825,249.699,3,1,-80,-50,1,-80,10,1,-10,0,1,-20,-30,1,-5,10,1,-20,-5,1,-60,40,1,-50,-20,1,0,0,1,-60,50,1,-50,-10,1,0,0,1,0,,5,34,12,How a video can affect your judgement.,38.51049805,-90.6364975,-1
R_1jB44VyUNNDhFbD,Default Response Set,Anonymous,,,71.93.185.201,0,6/19/2018 9:49,6/19/2018 9:54,1,Neutral,1,A2CTA782EBXUCT,2,5.594,5.594,15.367,1,1,,,,,,,1,1,9.675,9.675,116.675,1,,,,,,,1,-54,-22,1,-81,-40,1,-47,-63,1,-65,-58,1,-84,-44,1,-52,-74,1,-82,-24,1,-81,-38,1,-58,-60,1,-78,-41,1,-69,-58,1,-50,-81,1,0,,5,24,4,To see if our judgement of people change if we watch a video beforehand,34.22489929,-117.3760986,-1
R_UtehIap4VdSaDW9,Default Response Set,Anonymous,,,68.35.254.35,0,6/19/2018 9:50,6/19/2018 9:55,1,Anger,1,A3P5WIW36V70AI,2,6.672,6.672,9.152,1,1,1,1,4.208,27.303,95.768,8,,,,,,,,,,,,,1,-69,-43,1,-57,-23,1,2,-46,1,-34,-33,1,-44,13,1,2,-36,1,-49,33,1,-70,24,1,11,-63,1,-43,21,1,-25,13,1,2,-52,1,0,,2,44,25,honestly not sure at all,30.3993988,-84.17250061,-1
R_u8s8O2Lc16eOKwp,Default Response Set,Anonymous,,,65.60.158.37,0,6/19/2018 9:53,6/19/2018 10:00,1,Anger,1,A37QFZ8I1TGH2C,2,17.157,17.157,64.369,1,1,1,1,0,0,160.131,0,,,,,,,,,,,,,1,-18,19,1,-21,20,1,40,24,1,-81,-22,1,40,19,1,-63,-39,1,-42,-15,1,-61,38,1,82,90,1,19,45,1,21,67,1,-11,-39,1,1,,3,65,43,"No, I cannot. I do not know.",39.89280701,-82.95880127,-1
R_3PjigPYZOevJtN0,Default Response Set,Anonymous,,,107.173.118.177,0,6/19/2018 9:53,6/19/2018 10:00,1,Anxious,1,AVR91WUNV6PMZ,2,2.105,25.242,26.576,6,1,,,,,,,,,,,,,1,1,10.168,10.168,254.801,1,1,93,85,1,95,83,1,97,83,1,94,86,1,86,91,1,85,92,1,96,90,1,90,96,1,90,84,1,99,81,1,86,95,1,90,82,1,0,,5,30,5,good,42.88639832,-78.87809753,-1
R_x4yLO1P6XP3GtDX,Default Response Set,Anonymous,,,196.17.65.146,0,6/19/2018 9:57,6/19/2018 10:05,1,Anger,1,A3D7LLCYH5WQWL,2,1.657,63.433,64.667,15,1,1,1,2.473,166.534,173.898,5,,,,,,,,,,,,,1,-46,-72,1,-68,-54,1,57,41,1,14,13,1,-61,40,1,41,60,1,-96,60,1,-51,-20,1,92,80,1,-72,-32,1,-54,24,1,34,24,1,0,,5,28,5,purpose of this study is rating pictures and know about critic ,34.05439758,-118.2440033,-1
R_3qdmwmtE7kIxBhK,Default Response Set,Anonymous,,,73.168.146.176,0,6/19/2018 10:03,6/19/2018 10:12,1,Anxious,1,A1XIL0Q9W5JE4Q,2,6.912,6.912,9.581,1,1,,,,,,,,,,,,,1,1,96.543,96.543,246.709,1,1,-81,-55,1,-42,17,1,-10,2,1,-71,10,1,-56,12,1,-46,-36,1,-52,22,1,-71,18,1,-7,-1,1,-37,25,1,-82,-73,1,-75,-55,1,1,,2,32,0,how we judge people based on the look on their faces,39.16229248,-84.89109802,-1
R_3rPHKjkXipHDBip,Default Response Set,Anonymous,,,98.118.158.51,0,6/19/2018 10:05,6/19/2018 10:12,1,Neutral,1,A1COQN0KWD4WDH,2,10.606,10.606,17.246,1,1,,,,,,,1,1,97.636,97.636,122.676,1,,,,,,,1,-50,40,1,-80,65,1,-15,-35,1,-10,-50,1,-40,40,1,-40,-20,1,-75,80,1,-60,53,1,20,20,1,-70,65,1,-86,75,1,-30,-40,1,1,,3,34,9,"I think the purpose of this study was to see how I rated the faces after watching the video, to see if the video had any impact on my ratings.",42.98640442,-78.72789764,-1
R_1f3ilzAlR3QRWyU,Default Response Set,Anonymous,,,184.0.216.173,0,6/19/2018 10:07,6/19/2018 10:12,1,Anger,1,A2BK45LZGGWPLX,2,7.07,7.07,9.305,1,1,1,1,57.962,120.016,162.941,4,,,,,,,,,,,,,1,-30,72,1,-26,47,1,-7,53,1,-64,73,1,-67,73,1,-8,73,1,-83,74,1,-40,71,1,3,22,1,-61,53,1,-68,76,1,-9,61,1,1,,6,61,35,to put me in a bad mood?,37.83509827,-78.28119659,-1
R_1FxTDOIAUUtSjNn,Default Response Set,Anonymous,,,104.11.61.83,0,6/19/2018 10:06,6/19/2018 10:13,1,Neutral,1,A8KX1HFH8NE2Q,2,28.95,31.444,39.75,2,1,,,,,,,1,1,7.734,103.706,104.948,4,,,,,,,1,-100,-60,1,-100,-80,1,-60,-100,1,-90,-20,1,-80,-20,1,-60,-20,1,-100,20,1,-80,40,1,-40,-60,1,-80,-60,1,-40,20,1,-60,-60,1,0,,6,51,26,I believe that the purpose of the study is to understand how establishing various moods impacts the way that people perceive faces and expressions.,37.95359802,-122.0780029,-1
R_22FeKDAcM5BcRJF,Default Response Set,Anonymous,,,98.219.32.143,0,6/19/2018 10:14,6/19/2018 10:21,1,Anxious,1,A2OS0VCSQLU3HE,2,22.64,24.2,26.084,2,1,,,,,,,,,,,,,1,1,0,0,252.491,0,1,-75,34,1,-94,92,1,-7,-81,1,-40,-88,1,-87,55,1,-13,-88,1,-70,90,1,-80,61,1,-2,-60,1,-63,62,1,-84,83,1,-5,-88,1,1,,5,28,5,not sure,33.74899292,-84.27510071,-1
R_1OrFPcXCNPfF1y8,Default Response Set,Anonymous,,,74.197.23.203,0,6/19/2018 10:16,6/19/2018 10:23,1,Anxious,1,AVDF9O70MW7X8,2,21.451,21.451,23.121,1,1,,,,,,,,,,,,,1,1,7.388,119.894,248.412,5,1,-30,-38,1,-25,28,1,-4,-31,1,-3,-19,1,-42,-23,1,-69,-81,1,-18,44,1,-100,18,1,1,0,1,-27,5,1,-48,-59,1,-4,-22,1,1,,5,27,10,"determine how high or low energy, positive or negative someone is",31.26669312,-100.4243011,-1
R_3CD8OlCMHVOtMRU,Default Response Set,Anonymous,,,73.215.231.188,0,6/19/2018 10:15,6/19/2018 10:28,1,Anxious,1,Mjcalvarese,2,9.382,13.406,14.73,2,1,,,,,,,,,,,,,1,1,94.39,162.588,248.418,2,1,-73,-84,1,-86,-87,1,-75,-75,1,-74,-79,1,-24,-26,1,-82,-83,1,-56,9,1,-78,-77,1,-70,-80,1,-31,-61,1,-82,-84,1,-61,-70,1,0,,4,29,2,Judgments of people by pictures,39.81149292,-74.98290253,-1
R_bjQt0TIhxNK5105,Default Response Set,Anonymous,,,108.234.88.37,0,6/19/2018 10:18,6/19/2018 10:29,1,Anger,1,A1YNGQXMGLM9L7,2,2.247,19.236,22.278,2,1,1,1,0,0,159.826,0,,,,,,,,,,,,,1,-30,13,1,-60,-18,1,1,30,1,1,1,1,-25,-18,1,-40,1,1,-7,34,1,-52,16,1,1,1,1,1,43,1,-44,9,1,1,1,1,0,,3,26,4,Perception of Demeanors,33.74110413,-84.10929871,-1
R_DoScMTZmJEhlEFH,Default Response Set,Anonymous,,,184.155.48.221,0,6/19/2018 10:28,6/19/2018 10:34,1,Neutral,1,A3A8P4UR9A0DWQ,2,3.074,17.199,17.88,5,1,,,,,,,1,1,5.519,117.667,118.645,4,,,,,,,1,-84,-61,1,-83,-70,1,-94,-95,1,-97,-94,1,-98,-61,1,-100,-100,1,-98,-99,1,-97,-62,1,-100,-100,1,-100,-100,1,-100,-100,1,-100,-100,1,1,,5,42,21,unsure,33.58459473,-88.41400146,-1
R_1hKbEsqea7sgpkD,Default Response Set,Anonymous,,,172.220.228.23,0,6/19/2018 10:30,6/19/2018 10:36,1,Anger,1,A2R6RDZ07V4KWB,2,8.986,8.986,12.333,1,1,1,1,106.276,140.332,173.529,3,,,,,,,,,,,,,1,-40,-54,1,10,20,1,-12,1,1,20,20,1,5,-8,1,-5,-5,1,-30,20,1,-20,10,1,61,54,1,-15,-3,1,-20,5,1,0,-10,1,0,,5,28,2,people's opinions,35.51530457,-79.20069885,-1
R_25WWoN24sMVivzI,Default Response Set,Anonymous,,,66.175.154.60,0,6/19/2018 10:26,6/19/2018 10:37,1,Neutral,1, A2ZGAH6NOSU2PO,2,6.082,6.082,8.474,1,1,,,,,,,1,1,5.116,480.783,494.615,5,,,,,,,1,-94,-81,1,-100,-79,1,-14,-19,1,-19,-24,1,-32,-24,1,-1,-7,1,-4,-3,1,-78,-51,1,20,39,1,-62,-26,1,-82,81,1,-44,-37,1,1,,2,54,20,How a pleasant video affects perception of people???,31.29420471,-91.15840149,-1
R_ZKOSRr3G81BTXZT,Default Response Set,Anonymous,,,45.55.36.65,0,6/19/2018 10:12,6/19/2018 10:40,1,Anxious,1,A3862RIFFUV141,2,19.669,19.669,21.772,1,1,,,,,,,,,,,,,1,1,13.38,40.906,283.065,3,1,-40,-68,1,-70,32,1,-19,-72,1,-13,-28,1,-46,61,1,-16,-84,1,-53,68,1,-63,41,1,0,-70,1,-30,29,1,-48,49,1,0,-90,1,0,,2,47,29,I have no idea.,40.83259583,-74.13069916,-1
R_2E4fH0po5XmtO8X,Default Response Set,Anonymous,,,73.65.97.214,0,6/19/2018 10:37,6/19/2018 10:45,1,Anger,1,A2NJ6AR78O07FD,2,8.276,8.276,16.15,1,1,1,1,0,0,162.08,0,,,,,,,,,,,,,1,-72,-16,1,-64,43,1,4,-31,1,-3,-42,1,-29,25,1,-24,-60,1,-27,11,1,-80,47,1,-6,-42,1,-28,26,1,-51,7,1,-8,-61,1,1,,5,38,14,I think it may have been looking at whether witnessing a scene of hostility causes people to interpret other non-related people they see as more hostile.,44.87680054,-93.47660065,-1
R_1nOb6Qoz4X7sgBQ,Default Response Set,Anonymous,,,174.26.2.51,0,6/19/2018 10:44,6/19/2018 10:49,1,Neutral,1,A1WZBK5PRHBW3H,2,15.273,15.273,17.101,1,1,,,,,,,1,1,3.721,3.721,127.858,1,,,,,,,1,-22,-19,1,-57,-55,1,-34,-28,1,1,-5,1,-36,-20,1,-11,-12,1,-14,-37,1,-23,-9,1,1,4,1,-16,1,1,-25,-15,1,-15,-35,1,0,,2,56,40,perceptions,33.32330322,-111.8244019,-1
R_2CHAz42lXtLucpY,Default Response Set,Anonymous,,,47.145.150.17,0,6/19/2018 10:40,6/19/2018 10:56,1,Anxious,1,A2E5PZUD6W4OA1,2,1.997,3.32,4.356,2,1,,,,,,,,,,,,,1,1,0,0,259.096,0,1,-25,-13,1,-26,-43,1,-28,-16,1,-36,24,1,-76,45,1,-25,-21,1,-69,68,1,-31,-32,1,-13,24,1,-31,37,1,-39,-8,1,-28,-8,1,0,,2,27,6,Understand mood detection ,34.09640503,-117.9667969,-1
R_D6uXlRcddq1StBn,Default Response Set,Anonymous,,,184.100.60.130,0,6/19/2018 9:35,6/19/2018 11:02,1,Neutral,1,A31A4YKVSOYRVS,2,3.286,6.451,6.852,4,1,,,,,,,1,1,3.295,3218.04,3218.999,2,,,,,,,1,2,2,1,-47,21,1,2,2,1,17,2,1,17,7,1,4,5,1,45,31,1,-19,-16,1,29,21,1,40,12,1,17,21,1,22,7,1,1,,1,21,4,,44.13769531,-123.0751038,-1
